stock,year,bbmsy,ffmsy,bbmsy.effEdepP,ffmsy.effEdepP
Aristeus_varidens_5,1990,1.02046346000891,0.249798766654582,1.02046346000891,0.249798766654582
Aristeus_varidens_5,1991,1.26022603342765,0.202273645334059,1.26022603342765,0.202273645334059
Aristeus_varidens_5,1992,1.31024697139255,0.194551500054505,1.31024697139255,0.194551500054505
Aristeus_varidens_5,1993,1.3065711842118,0.195098833348349,1.3065711842118,0.195098833348349
Aristeus_varidens_5,1994,1.2901811788419,0.197577299922408,1.2901811788419,0.197577299922408
Aristeus_varidens_5,1995,1.35456417015581,0.18818636971401,1.35456417015581,0.18818636971401
Aristeus_varidens_5,1996,1.32150023400846,0.192894792725902,1.32150023400846,0.192894792725902
Aristeus_varidens_5,1997,1.3006686431433,0.19598420786885,1.3006686431433,0.19598420786885
Aristeus_varidens_5,1998,1.27711564643058,0.199598614611561,1.27711564643058,0.199598614611561
Aristeus_varidens_5,1999,1.28263065422408,0.198740387879237,1.28263065422408,0.198740387879237
Aristeus_varidens_5,2000,1.25785904456868,0.202654275792643,1.25785904456868,0.202654275792643
Aristeus_varidens_5,2001,1.04597410760694,0.243706332568303,1.04597410760694,0.243706332568303
Aristeus_varidens_5,2002,1.35435000708534,0.207335375009612,1.35435000708534,0.207335375009612
Aristeus_varidens_5,2003,2.70098449238202,0.10737869039177,2.70098449238202,0.10737869039177
Aristeus_varidens_5,2004,0.428974605747267,0.452005070235732,0.428974605747267,0.452005070235732
Aristeus_varidens_5,2005,0.313302542454973,0.111870594233102,0.313302542454973,0.111870594233102
Aristeus_varidens_5,2006,0.372692696956026,0.316778249447377,0.372692696956026,0.316778249447377
Aristeus_varidens_5,2007,0.528208067394292,0.403563670251687,0.528208067394292,0.403563670251687
Aristeus_varidens_5,2008,0.919886108435203,0.257131629555028,0.919886108435203,0.257131629555028
Aristeus_varidens_5,2009,0.629858767115519,0.179304906546487,0.629858767115519,0.179304906546487
Aristeus_varidens_5,2010,0.523213942790808,0.179811361981557,0.523213942790808,0.179811361981557
Aristeus_varidens_5,2011,0.917290202180028,0.122673100931232,0.917290202180028,0.122673100931232
Aristeus_varidens_5,2012,1.93334096347679,0.0609597455596612,1.93334096347679,0.0609597455596612
Aristeus_varidens_5,2013,1.39764330118104,0.15119800879537,1.39764330118104,0.15119800879537
Aristeus_varidens_5,2014,1.53591774730088,0.268499679437521,1.53591774730088,0.268499679437521
Aristeus_varidens_5,2015,1.43495531072282,0.326100368345148,1.43495531072282,0.326100368345148
Aristeus_varidens_5,2016,1.68942111131268,0.255993119223215,1.68942111131268,0.255993119223215
Aristeus_varidens_5,2017,1.96653388830217,0.235658376458,1.96653388830217,0.235658376458
Aristeus_varidens_5,2018,1.97193997762529,0.212456955416657,1.97193997762529,0.212456955416657
Aristeus_varidens_5,2019,2.19271863880653,0.25799419105283,2.19271863880653,0.25799419105283
Aristeus_varidens_5,2020,1.12072572596492,0.194043811438009,1.12072572596492,0.194043811438009
Aristeus_varidens_5,2021,1.0001634865968,0.20575313969588,1.0001634865968,0.20575313969588
Arius_spp_3,1990,0.990127505990071,0.221193072833067,0.990127505990071,0.221193072833067
Arius_spp_3,1991,1.20218718969227,0.312926502974346,1.20218718969227,0.312926502974346
Arius_spp_3,1992,0.917137419723264,0.224454511038665,0.917137419723264,0.224454511038665
Arius_spp_3,1993,0.834590689007065,0.279752020378061,0.834590689007065,0.279752020378061
Arius_spp_3,1994,0.626178974014519,0.170151173137512,0.626178974014519,0.170151173137512
Arius_spp_3,1995,0.899694904897896,0.34869163741923,0.899694904897896,0.34869163741923
Arius_spp_3,1996,0.965073504866152,0.314847317016853,0.965073504866152,0.314847317016853
Arius_spp_3,1997,0.766307071800034,0.160493403503071,0.766307071800034,0.160493403503071
Arius_spp_3,1998,1.09385477943599,0.202622955626901,1.09385477943599,0.202622955626901
Arius_spp_3,1999,1.40082584938424,0.275126157525888,1.40082584938424,0.275126157525888
Arius_spp_3,2000,1.14107943869906,0.185591638424357,1.14107943869906,0.185591638424357
Arius_spp_3,2001,1.15025490511596,0.208697470094997,1.15025490511596,0.208697470094997
Arius_spp_3,2002,1.18479347921628,0.190401286576395,1.18479347921628,0.190401286576395
Arius_spp_3,2003,1.68721067149112,0.330555929965712,1.68721067149112,0.330555929965712
Arius_spp_3,2004,1.48423806321848,0.228646496238482,1.48423806321848,0.228646496238482
Arius_spp_3,2005,1.45306975229802,0.234456194304943,1.45306975229802,0.234456194304943
Arius_spp_3,2006,1.5084429205807,0.216693518564156,1.5084429205807,0.216693518564156
Arius_spp_3,2007,1.55829131021958,0.178951614792818,1.55829131021958,0.178951614792818
Arius_spp_3,2008,1.91528628666439,0.202942121301755,1.91528628666439,0.202942121301755
Arius_spp_3,2009,3.19287343394585,0.235647444832189,3.19287343394585,0.235647444832189
Arius_spp_3,2010,0.689345968129858,0.105901997773648,0.689345968129858,0.105901997773648
Arius_spp_3,2011,0.906528190653975,0.145099894110818,0.906528190653975,0.145099894110818
Arius_spp_3,2012,1.18224111152654,0.239210815677367,1.18224111152654,0.239210815677367
Arius_spp_3,2013,0.695003383355226,0.0681340165301723,0.695003383355226,0.0681340165301723
Arius_spp_3,2014,1.21037572457152,0.18746375163394,1.21037572457152,0.18746375163394
Arius_spp_3,2015,1.29014639486424,0.142737291670443,1.29014639486424,0.142737291670443
Arius_spp_3,2016,1.54831545262805,0.155892431156127,1.54831545262805,0.155892431156127
Arius_spp_3,2017,1.82036047266317,0.181008405671,1.82036047266317,0.181008405671
Arius_spp_3,2018,1.95408978011328,0.192180805247764,1.95408978011328,0.192180805247764
Arius_spp_3,2019,1.82686401594401,0.179644008855777,1.82686401594401,0.179644008855777
Arius_spp_3,2020,1.73466299862948,0.156207008408637,1.73466299862948,0.156207008408637
Arius_spp_3,2021,2.05414072818439,0.217399226526404,2.05414072818439,0.217399226526404
Arius_spp_4,1990,1.01794117159001,0.302510467199559,1.01794117159001,0.302510467199559
Arius_spp_4,1991,1.36536383161716,0.225535386443211,1.36536383161716,0.225535386443211
Arius_spp_4,1992,1.51488243258936,0.203275087739323,1.51488243258936,0.203275087739323
Arius_spp_4,1993,1.49148132741115,0.206464441585645,1.49148132741115,0.206464441585645
Arius_spp_4,1994,1.34905095922267,0.228262585111535,1.34905095922267,0.228262585111535
Arius_spp_4,1995,0.813759567199223,0.0843760525452591,0.813759567199223,0.0843760525452591
Arius_spp_4,1996,1.58086944540524,0.316064004960147,1.58086944540524,0.316064004960147
Arius_spp_4,1997,1.27572410687346,0.278661999132569,1.27572410687346,0.278661999132569
Arius_spp_4,1998,0.797635220760949,0.170672867991529,0.797635220760949,0.170672867991529
Arius_spp_4,1999,0.930664326776277,0.385493920973572,0.930664326776277,0.385493920973572
Arius_spp_4,2000,0.859875861807882,0.290021059107992,0.859875861807882,0.290021059107992
Arius_spp_4,2001,1.0015374296949,0.330614074153964,1.0015374296949,0.330614074153964
Arius_spp_4,2002,0.889256697588206,0.166458328377726,0.889256697588206,0.166458328377726
Arius_spp_4,2003,1.15389967010634,0.265579132015009,1.15389967010634,0.265579132015009
Arius_spp_4,2004,1.01022801163657,0.263039786526682,1.01022801163657,0.263039786526682
Arius_spp_4,2005,0.7693439400252,0.220220451892171,0.7693439400252,0.220220451892171
Arius_spp_4,2006,0.823189302656202,0.201843803266718,0.823189302656202,0.201843803266718
Arius_spp_4,2007,0.904977651697564,0.179660582291009,0.904977651697564,0.179660582291009
Arius_spp_4,2008,0.72410188646925,0.206066487923252,0.72410188646925,0.206066487923252
Arius_spp_4,2009,0.65361115935753,0.155983259979755,0.65361115935753,0.155983259979755
Arius_spp_4,2010,0.851201509590542,0.144218507761299,0.851201509590542,0.144218507761299
Arius_spp_4,2011,0.715597957307698,0.141640880509259,0.715597957307698,0.141640880509259
Arius_spp_4,2012,0.453714665590911,0.1375750909075,0.453714665590911,0.1375750909075
Arius_spp_4,2013,0.428198159111995,0.0756632572023364,0.428198159111995,0.0756632572023364
Arius_spp_4,2014,0.749797397061834,0.264018057740327,0.749797397061834,0.264018057740327
Arius_spp_4,2015,0.36169364120489,0.213666189730122,0.36169364120489,0.213666189730122
Arius_spp_4,2016,0.148482418377646,0.0940862494408498,0.148482418377646,0.0940862494408498
Arius_spp_4,2017,0.233927640491725,0.3926270980971,0.233927640491725,0.3926270980971
Arius_spp_4,2018,0.317881850075768,0.437606185648525,0.317881850075768,0.437606185648525
Arius_spp_4,2019,0.33860181159457,0.473154330101414,0.33860181159457,0.473154330101414
Arius_spp_4,2020,0.369781275909942,0.258829805602625,0.369781275909942,0.258829805602625
Arius_spp_4,2021,0.477789987049101,0.371398904278892,0.477789987049101,0.371398904278892
Arius_spp1,1990,0.95261878367193,0.118175162338365,0.95261878367193,0.118175162338365
Arius_spp1,1991,0.853186929339316,0.131947496540039,0.853186929339316,0.131947496540039
Arius_spp1,1992,0.802646189478368,0.1402559195854,0.802646189478368,0.1402559195854
Arius_spp1,1993,0.757735239846516,0.159230886907855,0.757735239846516,0.159230886907855
Arius_spp1,1994,0.607229101017278,0.0909515073016815,0.607229101017278,0.0909515073016815
Arius_spp1,1995,0.83499267332187,0.165276640551653,0.83499267332187,0.165276640551653
Arius_spp1,1996,0.930957572667266,0.155210566535466,0.930957572667266,0.155210566535466
Arius_spp1,1997,0.930241108804506,0.134970616653284,0.930241108804506,0.134970616653284
Arius_spp1,1998,0.927859811620141,0.138131017289556,0.927859811620141,0.138131017289556
Arius_spp1,1999,0.974420851847925,0.111084575897827,0.974420851847925,0.111084575897827
Arius_spp1,2000,1.43189504051814,0.161191237295327,1.43189504051814,0.161191237295327
Arius_spp1,2001,1.43069763313302,0.158628338766708,1.43069763313302,0.158628338766708
Arius_spp1,2002,1.47433037565264,0.131193382636435,1.47433037565264,0.131193382636435
Arius_spp1,2003,2.030576708596,0.21608690940249,2.030576708596,0.21608690940249
Arius_spp1,2004,2.0100969901017,0.135316087850198,2.0100969901017,0.135316087850198
Arius_spp1,2005,3.56792031890575,0.0740231467009319,3.56792031890575,0.0740231467009319
Arius_spp1,2006,2.19159571950319,0.0907945567695489,2.19159571950319,0.0907945567695489
Arius_spp1,2007,1.72220016526299,0.157486181583351,1.72220016526299,0.157486181583351
Arius_spp1,2008,1.67866703259746,0.20691367134545,1.67866703259746,0.20691367134545
Arius_spp1,2009,1.3340652810413,0.231939808404938,1.3340652810413,0.231939808404938
Arius_spp1,2010,1.21593274094088,0.236096901563535,1.21593274094088,0.236096901563535
Arius_spp1,2011,1.13054264837017,0.31511471766954,1.13054264837017,0.31511471766954
Arius_spp1,2012,0.870713302368486,0.231638320662659,0.870713302368486,0.231638320662659
Arius_spp1,2013,0.901650936867679,0.263308242456238,0.901650936867679,0.263308242456238
Arius_spp1,2014,1.05409929282727,0.228996823610634,1.05409929282727,0.228996823610634
Arius_spp1,2015,1.32792514470857,0.308313097821402,1.32792514470857,0.308313097821402
Arius_spp1,2016,1.30859512573244,0.373665340519988,1.30859512573244,0.373665340519988
Arius_spp1,2017,1.02760687929538,0.559007263967992,1.02760687929538,0.559007263967992
Arius_spp1,2018,1.01288578113831,0.720752923293178,1.01288578113831,0.720752923293178
Arius_spp1,2019,0.961979570306592,0.710038283751598,0.961979570306592,0.710038283751598
Arius_spp1,2020,0.923760508730225,0.746255877025588,0.923760508730225,0.746255877025588
Arius_spp1,2021,1.00772644167061,0.972013467377409,1.00772644167061,0.972013467377409
Brachydeuterus_auritus_1,1990,0.981053933246387,0.0290607138514105,0.981053933246387,0.0290607138514105
Brachydeuterus_auritus_1,1991,0.577014603630233,0.0494097158850144,0.577014603630233,0.0494097158850144
Brachydeuterus_auritus_1,1992,0.506493207817254,0.056289259533685,0.506493207817254,0.056289259533685
Brachydeuterus_auritus_1,1993,0.461426850336412,0.0617868847599315,0.461426850336412,0.0617868847599315
Brachydeuterus_auritus_1,1994,0.473931178473093,0.0601566829148647,0.473931178473093,0.0601566829148647
Brachydeuterus_auritus_1,1995,0.486990472930905,0.0519123608162505,0.486990472930905,0.0519123608162505
Brachydeuterus_auritus_1,1996,0.524492752014,0.101150733325523,0.524492752014,0.101150733325523
Brachydeuterus_auritus_1,1997,0.284965418661443,0.0252547529430891,0.284965418661443,0.0252547529430891
Brachydeuterus_auritus_1,1998,0.384316851097529,0.0779051119199552,0.384316851097529,0.0779051119199552
Brachydeuterus_auritus_1,1999,0.441981925742033,0.0538587014428178,0.441981925742033,0.0538587014428178
Brachydeuterus_auritus_1,2000,0.303440059166678,0.058228626485142,0.303440059166678,0.058228626485142
Brachydeuterus_auritus_1,2001,0.232822400235163,0.0433940354073386,0.232822400235163,0.0433940354073386
Brachydeuterus_auritus_1,2002,0.317742274379687,0.0407982942966634,0.317742274379687,0.0407982942966634
Brachydeuterus_auritus_1,2003,0.812919853836529,0.10878902107884,0.812919853836529,0.10878902107884
Brachydeuterus_auritus_1,2004,1.53253346113425,0.106622602203209,1.53253346113425,0.106622602203209
Brachydeuterus_auritus_1,2005,3.01698313810262,0.0742534234404336,3.01698313810262,0.0742534234404336
Brachydeuterus_auritus_1,2006,1.79921775709119,0.0571270955435872,1.79921775709119,0.0571270955435872
Brachydeuterus_auritus_1,2007,1.15094451908686,0.127783450175224,1.15094451908686,0.127783450175224
Brachydeuterus_auritus_1,2008,0.344122976716838,0.0792290587126517,0.344122976716838,0.0792290587126517
Brachydeuterus_auritus_1,2009,0.124516980009222,0.0226001823076571,0.124516980009222,0.0226001823076571
Brachydeuterus_auritus_1,2010,0.201092785200672,0.243634459050516,0.201092785200672,0.243634459050516
Brachydeuterus_auritus_1,2011,0.119916219568214,0.21966904701898,0.119916219568214,0.21966904701898
Brachydeuterus_auritus_1,2012,0.0469393551098767,0.0412784002820128,0.0469393551098767,0.0412784002820128
Brachydeuterus_auritus_1,2013,0.0496101964174674,0.229687146899051,0.0496101964174674,0.229687146899051
Brachydeuterus_auritus_1,2014,0.0351626563257833,0.0380475773220376,0.0351626563257833,0.0380475773220376
Brachydeuterus_auritus_1,2015,0.0536770446999056,0.0868047445358014,0.0536770446999056,0.0868047445358014
Brachydeuterus_auritus_1,2016,0.096293447590391,0.111627158906506,0.096293447590391,0.111627158906506
Brachydeuterus_auritus_1,2017,0.162658872984299,0.287871698174385,0.162658872984299,0.287871698174385
Brachydeuterus_auritus_1,2018,0.147308109483319,0.129966710564686,0.147308109483319,0.129966710564686
Brachydeuterus_auritus_1,2019,0.213868129153866,0.239003563565838,0.213868129153866,0.239003563565838
Brachydeuterus_auritus_1,2020,0.280465106321201,0.250678343715473,0.280465106321201,0.250678343715473
Brachydeuterus_auritus_1,2021,0.299246415973626,0.364442654231471,0.299246415973626,0.364442654231471
Brachydeuterus_auritus_4,1990,0.909199076147928,0.0250625078615212,0.909199076147928,0.0250625078615212
Brachydeuterus_auritus_4,1991,0.423450982358032,0.0538121528653788,0.423450982358032,0.0538121528653788
Brachydeuterus_auritus_4,1992,0.321832144583394,0.0708033966686031,0.321832144583394,0.0708033966686031
Brachydeuterus_auritus_4,1993,0.293620117655454,0.0776064296125112,0.293620117655454,0.0776064296125112
Brachydeuterus_auritus_4,1994,0.286549411052821,0.0795213953151168,0.286549411052821,0.0795213953151168
Brachydeuterus_auritus_4,1995,0.281637051274303,0.0818982853404423,0.281637051274303,0.0818982853404423
Brachydeuterus_auritus_4,1996,0.28390137739029,0.124038297978872,0.28390137739029,0.124038297978872
Brachydeuterus_auritus_4,1997,0.202495981476788,0.0497797125156118,0.202495981476788,0.0497797125156118
Brachydeuterus_auritus_4,1998,0.282934871066302,0.145309400361297,0.282934871066302,0.145309400361297
Brachydeuterus_auritus_4,1999,0.302875875494988,0.135742394103704,0.302875875494988,0.135742394103704
Brachydeuterus_auritus_4,2000,0.412986655621213,0.15902526027091,0.412986655621213,0.15902526027091
Brachydeuterus_auritus_4,2001,0.53314088152925,0.123433350531075,0.53314088152925,0.123433350531075
Brachydeuterus_auritus_4,2002,0.792304740280148,0.120225976468332,0.792304740280148,0.120225976468332
Brachydeuterus_auritus_4,2003,0.922860412314928,0.0834709474436896,0.922860412314928,0.0834709474436896
Brachydeuterus_auritus_4,2004,1.28515532252475,0.129709861862212,1.28515532252475,0.129709861862212
Brachydeuterus_auritus_4,2005,1.43256443064998,0.121740089954951,1.43256443064998,0.121740089954951
Brachydeuterus_auritus_4,2006,1.54852428048707,0.0949995913413605,1.54852428048707,0.0949995913413605
Brachydeuterus_auritus_4,2007,2.12881673643124,0.0991065741496778,2.12881673643124,0.0991065741496778
Brachydeuterus_auritus_4,2008,1.75232151566992,0.108242050695958,1.75232151566992,0.108242050695958
Brachydeuterus_auritus_4,2009,1.6633050194104,0.0874382488828447,1.6633050194104,0.0874382488828447
Brachydeuterus_auritus_4,2010,2.30512314247253,0.0725451651279166,2.30512314247253,0.0725451651279166
Brachydeuterus_auritus_4,2011,2.32006749894534,0.0690611926847707,2.32006749894534,0.0690611926847707
Brachydeuterus_auritus_4,2012,1.56479259569047,0.0603960551343894,1.56479259569047,0.0603960551343894
Brachydeuterus_auritus_4,2013,2.90892068551425,0.132542743957233,2.90892068551425,0.132542743957233
Brachydeuterus_auritus_4,2014,2.17671797009861,0.0557327357171274,2.17671797009861,0.0557327357171274
Brachydeuterus_auritus_4,2015,2.96474871725762,0.154025158629113,2.96474871725762,0.154025158629113
Brachydeuterus_auritus_4,2016,1.58945185024833,0.19031327615636,1.58945185024833,0.19031327615636
Brachydeuterus_auritus_4,2017,1.09937722620852,0.154832008215914,1.09937722620852,0.154832008215914
Brachydeuterus_auritus_4,2018,1.21427869361574,0.165810143998127,1.21427869361574,0.165810143998127
Brachydeuterus_auritus_4,2019,1.37016400820473,0.194717524559448,1.37016400820473,0.194717524559448
Brachydeuterus_auritus_4,2020,1.87124343316256,0.173086344185963,1.87124343316256,0.173086344185963
Brachydeuterus_auritus_4,2021,1.93461330552691,0.210556491679164,1.93461330552691,0.210556491679164
Cephalopholis_Taeniops_1,1990,1.03887579585519,0.654075616286268,1.03887579585519,0.654075616286268
Cephalopholis_Taeniops_1,1991,1.12318930333115,0.604976671700493,1.12318930333115,0.604976671700493
Cephalopholis_Taeniops_1,1992,1.16385756542063,0.583837186445827,1.16385756542063,0.583837186445827
Cephalopholis_Taeniops_1,1993,1.17131458174646,0.580120265732298,1.17131458174646,0.580120265732298
Cephalopholis_Taeniops_1,1994,1.17389004366876,0.578847507978876,1.17389004366876,0.578847507978876
Cephalopholis_Taeniops_1,1995,1.16105727412721,0.58524531180399,1.16105727412721,0.58524531180399
Cephalopholis_Taeniops_1,1996,1.10727681143379,0.530965746519495,1.10727681143379,0.530965746519495
Cephalopholis_Taeniops_1,1997,1.1894115259723,0.58438265213152,1.1894115259723,0.58438265213152
Cephalopholis_Taeniops_1,1998,1.246682752922,0.60601821670381,1.246682752922,0.60601821670381
Cephalopholis_Taeniops_1,1999,1.28038750369199,0.658727637769038,1.28038750369199,0.658727637769038
Cephalopholis_Taeniops_1,2000,1.24958752058338,0.782694451712649,1.24958752058338,0.782694451712649
Cephalopholis_Taeniops_1,2001,1.0486134742811,0.649748347294535,1.0486134742811,0.649748347294535
Cephalopholis_Taeniops_1,2002,1.09939628992518,0.647223732456107,1.09939628992518,0.647223732456107
Cephalopholis_Taeniops_1,2003,1.09517770537139,0.632156900744251,1.09517770537139,0.632156900744251
Cephalopholis_Taeniops_1,2004,1.13198285938194,0.589760062330683,1.13198285938194,0.589760062330683
Cephalopholis_Taeniops_1,2005,1.31345114776696,0.564753298836991,1.31345114776696,0.564753298836991
Cephalopholis_Taeniops_1,2006,1.35153991036219,0.581361268761551,1.35153991036219,0.581361268761551
Cephalopholis_Taeniops_1,2007,1.23311769612112,0.519111114375207,1.23311769612112,0.519111114375207
Cephalopholis_Taeniops_1,2008,1.25284453820748,0.524094562058717,1.25284453820748,0.524094562058717
Cephalopholis_Taeniops_1,2009,1.20372470498591,0.56145747694811,1.20372470498591,0.56145747694811
Cephalopholis_Taeniops_1,2010,1.24937066591622,0.646494689973703,1.24937066591622,0.646494689973703
Cephalopholis_Taeniops_1,2011,1.136183210661,0.529547209727916,1.136183210661,0.529547209727916
Cephalopholis_Taeniops_1,2012,1.34744094927362,0.50972883694726,1.34744094927362,0.50972883694726
Cephalopholis_Taeniops_1,2013,2.08815035914594,0.434171297337148,2.08815035914594,0.434171297337148
Cephalopholis_Taeniops_1,2014,1.32351438437046,0.541777267209883,1.32351438437046,0.541777267209883
Cephalopholis_Taeniops_1,2015,1.27172323681115,0.581123729707122,1.27172323681115,0.581123729707122
Cephalopholis_Taeniops_1,2016,1.36075807295729,0.557233347956557,1.36075807295729,0.557233347956557
Cephalopholis_Taeniops_1,2017,1.50683005860285,0.479513026844299,1.50683005860285,0.479513026844299
Cephalopholis_Taeniops_1,2018,1.91201570772832,0.38508116304859,1.91201570772832,0.38508116304859
Cephalopholis_Taeniops_1,2019,1.42130713946207,0.328601786639899,1.42130713946207,0.328601786639899
Cephalopholis_Taeniops_1,2020,1.40014502117509,0.333568350655068,1.40014502117509,0.333568350655068
Cephalopholis_Taeniops_1,2021,1.41580485694435,0.329878841070848,1.41580485694435,0.329878841070848
Cynoglossus_spp_3,1990,0.904911415274833,0.00724126041576514,0.904911415274833,0.00724126041576514
Cynoglossus_spp_3,1991,0.189385349342611,0.0389071457971696,0.189385349342611,0.0389071457971696
Cynoglossus_spp_3,1992,0.123656962492639,0.0785131133848268,0.123656962492639,0.0785131133848268
Cynoglossus_spp_3,1993,0.112524145686703,0.108386019478127,0.112524145686703,0.108386019478127
Cynoglossus_spp_3,1994,0.108592454299045,0.0690855732332179,0.108592454299045,0.0690855732332179
Cynoglossus_spp_3,1995,0.179333937255336,0.208720241187621,0.179333937255336,0.208720241187621
Cynoglossus_spp_3,1996,0.205238733546409,0.116566878655242,0.205238733546409,0.116566878655242
Cynoglossus_spp_3,1997,0.243406904440326,0.0926293955407552,0.243406904440326,0.0926293955407552
Cynoglossus_spp_3,1998,0.356562516769944,0.0854737565685494,0.356562516769944,0.0854737565685494
Cynoglossus_spp_3,1999,0.562968801428221,0.109245419001118,0.562968801428221,0.109245419001118
Cynoglossus_spp_3,2000,0.762653397472321,0.127862621303901,0.762653397472321,0.127862621303901
Cynoglossus_spp_3,2001,0.762899103079956,0.126804759024707,0.762899103079956,0.126804759024707
Cynoglossus_spp_3,2002,0.571571489944651,0.0681544283666097,0.571571489944651,0.0681544283666097
Cynoglossus_spp_3,2003,0.775206858392405,0.129811464897287,0.775206858392405,0.129811464897287
Cynoglossus_spp_3,2004,0.88574031732855,0.100265429785293,0.88574031732855,0.100265429785293
Cynoglossus_spp_3,2005,1.03871653516836,0.116564846998203,1.03871653516836,0.116564846998203
Cynoglossus_spp_3,2006,1.10983003361244,0.101191387298434,1.10983003361244,0.101191387298434
Cynoglossus_spp_3,2007,1.13638543235038,0.0890122984443038,1.13638543235038,0.0890122984443038
Cynoglossus_spp_3,2008,1.24997089489202,0.0869041878807113,1.24997089489202,0.0869041878807113
Cynoglossus_spp_3,2009,1.4654073079202,0.0603208231566958,1.4654073079202,0.0603208231566958
Cynoglossus_spp_3,2010,2.07542882998554,0.109673418206274,2.07542882998554,0.109673418206274
Cynoglossus_spp_3,2011,2.32733187223831,0.128721955482733,2.32733187223831,0.128721955482733
Cynoglossus_spp_3,2012,2.29588948026933,0.112626298787293,2.29588948026933,0.112626298787293
Cynoglossus_spp_3,2013,2.39721362374177,0.131976146417654,2.39721362374177,0.131976146417654
Cynoglossus_spp_3,2014,2.52120511157689,0.135446829504029,2.52120511157689,0.135446829504029
Cynoglossus_spp_3,2015,2.42758371289643,0.143325625975736,2.42758371289643,0.143325625975736
Cynoglossus_spp_3,2016,2.34821934665667,0.132149968480023,2.34821934665667,0.132149968480023
Cynoglossus_spp_3,2017,1.70268931868356,0.0860637048247087,1.70268931868356,0.0860637048247087
Cynoglossus_spp_3,2018,1.61982933446285,0.0845385607885864,1.61982933446285,0.0845385607885864
Cynoglossus_spp_3,2019,1.58167364266698,0.0827309679198013,1.58167364266698,0.0827309679198013
Cynoglossus_spp_3,2020,1.51987705773229,0.0806307638381544,1.51987705773229,0.0806307638381544
Cynoglossus_spp_3,2021,1.47160140782299,0.0871288503595158,1.47160140782299,0.0871288503595158
Cynoglossus_spp_4,1990,1.97575270200924,0.15360182051041,1.97575270200924,0.15360182051041
Cynoglossus_spp_4,1991,0.745102047912902,0.407298856253387,0.745102047912902,0.407298856253387
Cynoglossus_spp_4,1992,0.67340198979746,0.450665748698277,0.67340198979746,0.450665748698277
Cynoglossus_spp_4,1993,0.411598770928148,0.737318071243607,0.411598770928148,0.737318071243607
Cynoglossus_spp_4,1994,0.238997834252358,0.929842233663442,0.238997834252358,0.929842233663442
Cynoglossus_spp_4,1995,0.226964358660721,1.73330729423475,0.226964358660721,1.73330729423475
Cynoglossus_spp_4,1996,0.120425626628294,2.44805350435107,0.120425626628294,2.44805350435107
Cynoglossus_spp_4,1997,0.332065918283661,2.08507457061257,0.332065918283661,2.08507457061257
Cynoglossus_spp_4,1998,0.244571850443361,2.48959671707625,0.244571850443361,2.48959671707625
Cynoglossus_spp_4,1999,0.174430364737328,3.0525274383136,0.174430364737328,3.0525274383136
Cynoglossus_spp_4,2000,0.197339213744634,3.12615934170549,0.197339213744634,3.12615934170549
Cynoglossus_spp_4,2001,0.483743403984221,1.62515016489022,0.483743403984221,1.62515016489022
Cynoglossus_spp_4,2002,0.621687739938939,0.910187234675474,0.621687739938939,0.910187234675474
Cynoglossus_spp_4,2003,1.27611750583605,0.455748159023613,1.27611750583605,0.455748159023613
Cynoglossus_spp_4,2004,1.29529577072221,0.486189734958182,1.29529577072221,0.486189734958182
Cynoglossus_spp_4,2005,0.715351602109456,0.582260811101546,0.715351602109456,0.582260811101546
Cynoglossus_spp_4,2006,1.17833203261428,0.319416294178349,1.17833203261428,0.319416294178349
Cynoglossus_spp_4,2007,1.0592560472112,0.304086486076313,1.0592560472112,0.304086486076313
Cynoglossus_spp_4,2008,0.797894048294518,0.470909850657563,0.797894048294518,0.470909850657563
Cynoglossus_spp_4,2009,1.2539074837955,0.348313697120208,1.2539074837955,0.348313697120208
Cynoglossus_spp_4,2010,6.96202852648451,0.0798469641446195,6.96202852648451,0.0798469641446195
Cynoglossus_spp_4,2011,3.55357215613485,0.16248814778796,3.55357215613485,0.16248814778796
Cynoglossus_spp_4,2012,6.4795975306036,0.0897072787644662,6.4795975306036,0.0897072787644662
Cynoglossus_spp_4,2013,6.84957662734967,0.0902066341056802,6.84957662734967,0.0902066341056802
Cynoglossus_spp_4,2014,3.54053962881807,0.248348260902201,3.54053962881807,0.248348260902201
Cynoglossus_spp_4,2015,3.00804284498324,0.156832085301289,3.00804284498324,0.156832085301289
Cynoglossus_spp_4,2016,1.35486413595815,0.505108691888766,1.35486413595815,0.505108691888766
Cynoglossus_spp_4,2017,0.375630904905189,1.61156258921466,0.375630904905189,1.61156258921466
Cynoglossus_spp_4,2018,0.105490217535498,4.85258630526415,0.105490217535498,4.85258630526415
Cynoglossus_spp_4,2019,0.00281326558858271,79.6786244038758,0.00281326558858271,79.6786244038758
Cynoglossus_spp_4,2020,6.76694067134376e-10,333151583.888484,6.76694067134376e-10,333151583.888484
Cynoglossus_spp_4,2021,8.3290357779512e-10,119140903.951844,8.3290357779512e-10,119140903.951844
Dentex_macrophthalmus_4,1990,0.922002926277733,0.0237257797866263,0.922002926277733,0.0237257797866263
Dentex_macrophthalmus_4,1991,0.376872219165581,0.0580441785810683,0.376872219165581,0.0580441785810683
Dentex_macrophthalmus_4,1992,0.276871378379152,0.0790086664773786,0.276871378379152,0.0790086664773786
Dentex_macrophthalmus_4,1993,0.250157565172497,0.0874458398905758,0.250157565172497,0.0874458398905758
Dentex_macrophthalmus_4,1994,0.239040504749686,0.0915126849083479,0.239040504749686,0.0915126849083479
Dentex_macrophthalmus_4,1995,0.240780321032675,0.100445946988466,0.240780321032675,0.100445946988466
Dentex_macrophthalmus_4,1996,0.228863253617548,0.0765719616778889,0.228863253617548,0.0765719616778889
Dentex_macrophthalmus_4,1997,0.30731757720313,0.0778211248448356,0.30731757720313,0.0778211248448356
Dentex_macrophthalmus_4,1998,0.537880947892573,0.18348357886338,0.537880947892573,0.18348357886338
Dentex_macrophthalmus_4,1999,0.624648086565785,0.203620977212584,0.624648086565785,0.203620977212584
Dentex_macrophthalmus_4,2000,0.705561813441676,0.155904115519357,0.705561813441676,0.155904115519357
Dentex_macrophthalmus_4,2001,0.910163237135872,0.163687241225732,0.910163237135872,0.163687241225732
Dentex_macrophthalmus_4,2002,1.12988696425276,0.115461519897369,1.12988696425276,0.115461519897369
Dentex_macrophthalmus_4,2003,1.36518057625471,0.122280393667955,1.36518057625471,0.122280393667955
Dentex_macrophthalmus_4,2004,1.59298350772176,0.147911999125604,1.59298350772176,0.147911999125604
Dentex_macrophthalmus_4,2005,1.65441288592462,0.140531482997124,1.65441288592462,0.140531482997124
Dentex_macrophthalmus_4,2006,1.76956156713349,0.125337306197452,1.76956156713349,0.125337306197452
Dentex_macrophthalmus_4,2007,2.34048270227231,0.129294264161908,2.34048270227231,0.129294264161908
Dentex_macrophthalmus_4,2008,2.17126869133665,0.153409171799549,2.17126869133665,0.153409171799549
Dentex_macrophthalmus_4,2009,2.16135058636711,0.148345732002405,2.16135058636711,0.148345732002405
Dentex_macrophthalmus_4,2010,2.61523685865029,0.108063799775983,2.61523685865029,0.108063799775983
Dentex_macrophthalmus_4,2011,3.18341701154517,0.117451928799655,3.18341701154517,0.117451928799655
Dentex_macrophthalmus_4,2012,0.940477359734157,0.0408084955072446,0.940477359734157,0.0408084955072446
Dentex_macrophthalmus_4,2013,2.39850655045016,0.149170089220699,2.39850655045016,0.149170089220699
Dentex_macrophthalmus_4,2014,2.39722374266678,0.0911377131102122,2.39722374266678,0.0911377131102122
Dentex_macrophthalmus_4,2015,1.81458104100502,0.107937946556232,1.81458104100502,0.107937946556232
Dentex_macrophthalmus_4,2016,1.13743782784912,0.155408559258686,1.13743782784912,0.155408559258686
Dentex_macrophthalmus_4,2017,0.99744729247243,0.211356988356978,0.99744729247243,0.211356988356978
Dentex_macrophthalmus_4,2018,0.981923946158166,0.195284571422754,0.981923946158166,0.195284571422754
Dentex_macrophthalmus_4,2019,0.946755193198984,0.219943227208554,0.946755193198984,0.219943227208554
Dentex_macrophthalmus_4,2020,1.08029823393986,0.162571501222103,1.08029823393986,0.162571501222103
Dentex_macrophthalmus_4,2021,1.0748490193924,0.190972595078641,1.0748490193924,0.190972595078641
Dentex_spp_3,1990,0.935003537635501,0.840906290715426,0.935003537635501,0.840906290715426
Dentex_spp_3,1991,1.29861347989351,0.605453715684014,1.29861347989351,0.605453715684014
Dentex_spp_3,1992,1.05954970130657,0.742060854407597,1.05954970130657,0.742060854407597
Dentex_spp_3,1993,1.32953252382683,0.591373541111869,1.32953252382683,0.591373541111869
Dentex_spp_3,1994,1.16740864873546,0.673500541126316,1.16740864873546,0.673500541126316
Dentex_spp_3,1995,1.2111220570588,0.649191674824478,1.2111220570588,0.649191674824478
Dentex_spp_3,1996,1.28610443273114,0.611342544686835,1.28610443273114,0.611342544686835
Dentex_spp_3,1997,1.27072600403913,0.618741061518924,1.27072600403913,0.618741061518924
Dentex_spp_3,1998,1.36458016007166,0.57618480734586,1.36458016007166,0.57618480734586
Dentex_spp_3,1999,1.20614124347834,0.651872540542134,1.20614124347834,0.651872540542134
Dentex_spp_3,2000,1.2132820325064,0.648035935234806,1.2132820325064,0.648035935234806
Dentex_spp_3,2001,1.12069189656897,0.701575838146059,1.12069189656897,0.701575838146059
Dentex_spp_3,2002,0.77317263098883,1.01691436701958,0.77317263098883,1.01691436701958
Dentex_spp_3,2003,0.670889893315178,1.22683618710984,0.670889893315178,1.22683618710984
Dentex_spp_3,2004,1.19628442402355,1.24568495876351,1.19628442402355,1.24568495876351
Dentex_spp_3,2005,1.42871020590987,1.29621247848691,1.42871020590987,1.29621247848691
Dentex_spp_3,2006,0.981775519486796,0.778783491769543,0.981775519486796,0.778783491769543
Dentex_spp_3,2007,1.09326708720542,1.53939111413208,1.09326708720542,1.53939111413208
Dentex_spp_3,2008,0.947337884311929,1.33296234132552,0.947337884311929,1.33296234132552
Dentex_spp_3,2009,0.709591584361032,1.48042875782086,0.709591584361032,1.48042875782086
Dentex_spp_3,2010,0.479025837736147,1.66396087343718,0.479025837736147,1.66396087343718
Dentex_spp_3,2011,0.36988977972175,1.64546336937507,0.36988977972175,1.64546336937507
Dentex_spp_3,2012,0.35280555089444,1.5593820742277,0.35280555089444,1.5593820742277
Dentex_spp_3,2013,0.317881290928549,2.01688424482048,0.317881290928549,2.01688424482048
Dentex_spp_3,2014,0.307355435127883,2.52992578621459,0.307355435127883,2.52992578621459
Dentex_spp_3,2015,0.206619216162153,2.26431723328735,0.206619216162153,2.26431723328735
Dentex_spp_3,2016,0.144384670600596,1.65015913974026,0.144384670600596,1.65015913974026
Dentex_spp_3,2017,0.121728738640718,1.95728376462667,0.121728738640718,1.95728376462667
Dentex_spp_3,2018,0.111284203363523,2.14098386499352,0.111284203363523,2.14098386499352
Dentex_spp_3,2019,0.122379643867132,1.94687348566432,0.122379643867132,1.94687348566432
Dentex_spp_3,2020,0.118327884255151,2.01353793596278,0.118327884255151,2.01353793596278
Dentex_spp_3,2021,0.112040363121947,2.12653437735325,0.112040363121947,2.12653437735325
Dentex_spp_4,1990,0.983008679005434,0.0677945203083003,0.983008679005434,0.0677945203083003
Dentex_spp_4,1991,0.784620207331296,0.0849361273510131,0.784620207331296,0.0849361273510131
Dentex_spp_4,1992,0.759810704256069,0.0877094801096796,0.759810704256069,0.0877094801096796
Dentex_spp_4,1993,0.790247110056332,0.0843313452260759,0.790247110056332,0.0843313452260759
Dentex_spp_4,1994,0.779701297502545,0.0854719647966878,0.779701297502545,0.0854719647966878
Dentex_spp_4,1995,0.821313967473737,0.104227949610569,0.821313967473737,0.104227949610569
Dentex_spp_4,1996,0.687020040838714,0.0867960722838488,0.687020040838714,0.0867960722838488
Dentex_spp_4,1997,0.710522567713427,0.0769761525746469,0.710522567713427,0.0769761525746469
Dentex_spp_4,1998,1.00449251831771,0.184703220920569,1.00449251831771,0.184703220920569
Dentex_spp_4,1999,1.03633724778966,0.199426582678821,1.03633724778966,0.199426582678821
Dentex_spp_4,2000,1.17218926283153,0.154037314323753,1.17218926283153,0.154037314323753
Dentex_spp_4,2001,1.52079144999348,0.160110501738807,1.52079144999348,0.160110501738807
Dentex_spp_4,2002,1.76586530666294,0.124126349915091,1.76586530666294,0.124126349915091
Dentex_spp_4,2003,2.1111390559179,0.129946778474651,2.1111390559179,0.129946778474651
Dentex_spp_4,2004,2.26751301029982,0.168612705870518,2.26751301029982,0.168612705870518
Dentex_spp_4,2005,2.2215558594595,0.168125374465287,2.2215558594595,0.168125374465287
Dentex_spp_4,2006,2.20828032927947,0.156130470532633,2.20828032927947,0.156130470532633
Dentex_spp_4,2007,2.94501273273507,0.156895496906994,2.94501273273507,0.156895496906994
Dentex_spp_4,2008,1.56424670369771,0.108917129219231,1.56424670369771,0.108917129219231
Dentex_spp_4,2009,1.5285179687384,0.10272797779635,1.5285179687384,0.10272797779635
Dentex_spp_4,2010,2.08109016997115,0.0851921283802687,2.08109016997115,0.0851921283802687
Dentex_spp_4,2011,0.464385202195201,0.0436511346214179,0.464385202195201,0.0436511346214179
Dentex_spp_4,2012,0.263306097814701,0.0686669537083365,0.263306097814701,0.0686669537083365
Dentex_spp_4,2013,0.268075433405567,0.0512324863696712,0.268075433405567,0.0512324863696712
Dentex_spp_4,2014,0.32079173322729,0.0774975955297207,0.32079173322729,0.0774975955297207
Dentex_spp_4,2015,0.239568882799608,0.0953543074634339,0.239568882799608,0.0953543074634339
Dentex_spp_4,2016,0.169679935314066,0.134629500340524,0.169679935314066,0.134629500340524
Dentex_spp_4,2017,0.153765694314508,0.218661526100645,0.153765694314508,0.218661526100645
Dentex_spp_4,2018,0.141957263528964,0.223134185724563,0.141957263528964,0.223134185724563
Dentex_spp_4,2019,0.141752173851855,0.22247586993371,0.141752173851855,0.22247586993371
Dentex_spp_4,2020,0.149354454040928,0.15295107906782,0.149354454040928,0.15295107906782
Dentex_spp_4,2021,0.154225190616332,0.149473280829318,0.154225190616332,0.149473280829318
Diplodus_spp1,1990,0.992082122233896,1.11432774656763,0.992082122233896,1.11432774656763
Diplodus_spp1,1991,1.04875101641837,1.0541154367167,1.04875101641837,1.0541154367167
Diplodus_spp1,1992,1.16838331004038,0.946183179936658,1.16838331004038,0.946183179936658
Diplodus_spp1,1993,0.875656367940479,1.26248683405232,0.875656367940479,1.26248683405232
Diplodus_spp1,1994,0.908422078829294,1.21695042584568,0.908422078829294,1.21695042584568
Diplodus_spp1,1995,1.11883027231027,0.988089671006281,1.11883027231027,0.988089671006281
Diplodus_spp1,1996,0.880572691875912,1.03995257686904,0.880572691875912,1.03995257686904
Diplodus_spp1,1997,0.911281413882417,1.43946258599168,0.911281413882417,1.43946258599168
Diplodus_spp1,1998,0.790455248093524,1.37769287908058,0.790455248093524,1.37769287908058
Diplodus_spp1,1999,0.660706127168637,1.12380237296314,0.660706127168637,1.12380237296314
Diplodus_spp1,2000,0.868070490427245,1.32579074935013,0.868070490427245,1.32579074935013
Diplodus_spp1,2001,0.734104031644698,1.01144126927063,0.734104031644698,1.01144126927063
Diplodus_spp1,2002,0.730092323156055,0.966148986222744,0.730092323156055,0.966148986222744
Diplodus_spp1,2003,0.74685290957527,0.927897444180737,0.74685290957527,0.927897444180737
Diplodus_spp1,2004,0.742208947101506,0.900356705209145,0.742208947101506,0.900356705209145
Diplodus_spp1,2005,0.903477051164494,1.65735397158037,0.903477051164494,1.65735397158037
Diplodus_spp1,2006,0.542393707762607,1.16359691766211,0.542393707762607,1.16359691766211
Diplodus_spp1,2007,0.44263501837887,1.1742229102974,0.44263501837887,1.1742229102974
Diplodus_spp1,2008,0.40805160525993,1.2130869461481,0.40805160525993,1.2130869461481
Diplodus_spp1,2009,0.315510271872751,1.05900324294129,0.315510271872751,1.05900324294129
Diplodus_spp1,2010,0.287385337924816,1.16264247684738,0.287385337924816,1.16264247684738
Diplodus_spp1,2011,0.261633093359771,1.04058373555294,0.261633093359771,1.04058373555294
Diplodus_spp1,2012,0.277975826120085,0.97940581896128,0.277975826120085,0.97940581896128
Diplodus_spp1,2013,0.445232909688272,1.05619320063305,0.445232909688272,1.05619320063305
Diplodus_spp1,2014,0.335002802443835,1.07126418722864,0.335002802443835,1.07126418722864
Diplodus_spp1,2015,0.3613460037004,1.26714261491616,0.3613460037004,1.26714261491616
Diplodus_spp1,2016,0.443937352091947,0.808394479960273,0.443937352091947,0.808394479960273
Diplodus_spp1,2017,0.51835133338123,0.978828634004557,0.51835133338123,0.978828634004557
Diplodus_spp1,2018,0.539381987149079,0.596518528367563,0.539381987149079,0.596518528367563
Diplodus_spp1,2019,0.44996696907342,0.68755335074222,0.44996696907342,0.68755335074222
Diplodus_spp1,2020,0.482499936831459,0.641194482514135,0.482499936831459,0.641194482514135
Diplodus_spp1,2021,0.478781811282831,0.646173872981554,0.478781811282831,0.646173872981554
Galeoides_decadactylus_3,1990,0.925300623723796,0.00845578011935953,0.925300623723796,0.00845578011935953
Galeoides_decadactylus_3,1991,0.221893609932617,0.0541733584081339,0.221893609932617,0.0541733584081339
Galeoides_decadactylus_3,1992,0.123803493068221,0.103989508979421,0.123803493068221,0.103989508979421
Galeoides_decadactylus_3,1993,0.0772237852779401,0.102238800170103,0.0772237852779401,0.102238800170103
Galeoides_decadactylus_3,1994,0.0549842512513956,0.0142297811472263,0.0549842512513956,0.0142297811472263
Galeoides_decadactylus_3,1995,0.23159991573006,0.224093861775432,0.23159991573006,0.224093861775432
Galeoides_decadactylus_3,1996,0.696754702767037,0.20839047741513,0.696754702767037,0.20839047741513
Galeoides_decadactylus_3,1997,1.08041956192818,0.214794975493756,1.08041956192818,0.214794975493756
Galeoides_decadactylus_3,1998,0.753903284811821,0.0736850273909073,0.753903284811821,0.0736850273909073
Galeoides_decadactylus_3,1999,0.812354205650721,0.0884632925337586,0.812354205650721,0.0884632925337586
Galeoides_decadactylus_3,2000,0.989687227797144,0.102677857349957,0.989687227797144,0.102677857349957
Galeoides_decadactylus_3,2001,1.08326439252228,0.112543443894774,1.08326439252228,0.112543443894774
Galeoides_decadactylus_3,2002,1.04113487783971,0.109787458662783,1.04113487783971,0.109787458662783
Galeoides_decadactylus_3,2003,1.14930933056222,0.131140814050488,1.14930933056222,0.131140814050488
Galeoides_decadactylus_3,2004,1.08125115642955,0.105714155017097,1.08125115642955,0.105714155017097
Galeoides_decadactylus_3,2005,1.01128423236769,0.0958898564260358,1.01128423236769,0.0958898564260358
Galeoides_decadactylus_3,2006,1.23318606301314,0.121971162401631,1.23318606301314,0.121971162401631
Galeoides_decadactylus_3,2007,1.24843157021746,0.0889369049123551,1.24843157021746,0.0889369049123551
Galeoides_decadactylus_3,2008,1.33962210012583,0.0968824439454169,1.33962210012583,0.0968824439454169
Galeoides_decadactylus_3,2009,1.5520571351271,0.0808110153725852,1.5520571351271,0.0808110153725852
Galeoides_decadactylus_3,2010,1.50388442107862,0.0787329771494446,1.50388442107862,0.0787329771494446
Galeoides_decadactylus_3,2011,1.58601985473544,0.0897840732773928,1.58601985473544,0.0897840732773928
Galeoides_decadactylus_3,2012,1.68710677510035,0.0896182468451419,1.68710677510035,0.0896182468451419
Galeoides_decadactylus_3,2013,1.73932690811449,0.0970421418617639,1.73932690811449,0.0970421418617639
Galeoides_decadactylus_3,2014,1.67615679999642,0.0830321061645288,1.67615679999642,0.0830321061645288
Galeoides_decadactylus_3,2015,1.78814269308581,0.097270186050152,1.78814269308581,0.097270186050152
Galeoides_decadactylus_3,2016,1.71197091211573,0.0897292824640702,1.71197091211573,0.0897292824640702
Galeoides_decadactylus_3,2017,2.07242065880168,0.123248415104946,2.07242065880168,0.123248415104946
Galeoides_decadactylus_3,2018,2.03742621192135,0.126633738593141,2.03742621192135,0.126633738593141
Galeoides_decadactylus_3,2019,1.98158944475432,0.119589132211246,1.98158944475432,0.119589132211246
Galeoides_decadactylus_3,2020,1.92607618186431,0.116179394458284,1.92607618186431,0.116179394458284
Galeoides_decadactylus_3,2021,1.99066478151588,0.116673772285354,1.99066478151588,0.116673772285354
Galeoides_decadactylus_4,1990,0.961676055286688,0.441843430116657,0.961676055286688,0.441843430116657
Galeoides_decadactylus_4,1991,0.926527735206327,0.460535398043059,0.926527735206327,0.460535398043059
Galeoides_decadactylus_4,1992,0.89537388042921,0.456672735997832,0.89537388042921,0.456672735997832
Galeoides_decadactylus_4,1993,0.902943204237289,0.486341864640426,0.902943204237289,0.486341864640426
Galeoides_decadactylus_4,1994,0.888058895179661,0.486526895074935,0.888058895179661,0.486526895074935
Galeoides_decadactylus_4,1995,0.830066778491342,0.428248557473237,0.830066778491342,0.428248557473237
Galeoides_decadactylus_4,1996,0.910463916049654,0.581986609340575,0.910463916049654,0.581986609340575
Galeoides_decadactylus_4,1997,0.811781612462955,0.506097817921655,0.811781612462955,0.506097817921655
Galeoides_decadactylus_4,1998,0.77437868760203,0.696611405540012,0.77437868760203,0.696611405540012
Galeoides_decadactylus_4,1999,0.676458916320499,0.80284276806799,0.676458916320499,0.80284276806799
Galeoides_decadactylus_4,2000,0.672121739321044,0.761032312033969,0.672121739321044,0.761032312033969
Galeoides_decadactylus_4,2001,0.760769902701006,0.714861534179101,0.760769902701006,0.714861534179101
Galeoides_decadactylus_4,2002,0.903659487182317,0.705564271850246,0.903659487182317,0.705564271850246
Galeoides_decadactylus_4,2003,0.802811550127098,0.592473154579038,0.802811550127098,0.592473154579038
Galeoides_decadactylus_4,2004,0.749101518193821,0.739602716085668,0.749101518193821,0.739602716085668
Galeoides_decadactylus_4,2005,0.582247048400076,0.538772564086351,0.582247048400076,0.538772564086351
Galeoides_decadactylus_4,2006,0.605218080213624,0.493166173237221,0.605218080213624,0.493166173237221
Galeoides_decadactylus_4,2007,0.802805012445635,0.277743645375542,0.802805012445635,0.277743645375542
Galeoides_decadactylus_4,2008,1.61715282859676,0.718192929853138,1.61715282859676,0.718192929853138
Galeoides_decadactylus_4,2009,2.16687992814626,0.733953179669585,2.16687992814626,0.733953179669585
Galeoides_decadactylus_4,2010,2.54729990005736,0.485336517603192,2.54729990005736,0.485336517603192
Galeoides_decadactylus_4,2011,1.95333699133122,0.371954737093489,1.95333699133122,0.371954737093489
Galeoides_decadactylus_4,2012,1.31198827902134,0.393707506713749,1.31198827902134,0.393707506713749
Galeoides_decadactylus_4,2013,1.55553007843283,0.347598128586023,1.55553007843283,0.347598128586023
Galeoides_decadactylus_4,2014,1.66047427938521,0.378448575074935,1.66047427938521,0.378448575074935
Galeoides_decadactylus_4,2015,1.11831230392923,0.437812963596543,1.11831230392923,0.437812963596543
Galeoides_decadactylus_4,2016,0.789068458369762,0.932892650592607,0.789068458369762,0.932892650592607
Galeoides_decadactylus_4,2017,0.486814543013834,0.938023920790094,0.486814543013834,0.938023920790094
Galeoides_decadactylus_4,2018,0.398222687587791,0.963749863265165,0.398222687587791,0.963749863265165
Galeoides_decadactylus_4,2019,0.324188895941228,1.07360501018087,0.324188895941228,1.07360501018087
Galeoides_decadactylus_4,2020,0.297714333645621,0.623000260357952,0.297714333645621,0.623000260357952
Galeoides_decadactylus_4,2021,0.367116660477846,0.941210856554614,0.367116660477846,0.941210856554614
Merluccius_polli_4,1990,0.922837716336679,0.010558894602716,0.922837716336679,0.010558894602716
Merluccius_polli_4,1991,0.276000730407578,0.0353047840410445,0.276000730407578,0.0353047840410445
Merluccius_polli_4,1992,0.181999059509581,0.0535395414045924,0.181999059509581,0.0535395414045924
Merluccius_polli_4,1993,0.155759372844714,0.0625589715998961,0.155759372844714,0.0625589715998961
Merluccius_polli_4,1994,0.144799828020538,0.0672939071504148,0.144799828020538,0.0672939071504148
Merluccius_polli_4,1995,0.142202914092071,0.0641318228389223,0.142202914092071,0.0641318228389223
Merluccius_polli_4,1996,0.142774884347348,0.0787215038470314,0.142774884347348,0.0787215038470314
Merluccius_polli_4,1997,0.141816012182082,0.0625687657650536,0.141816012182082,0.0625687657650536
Merluccius_polli_4,1998,0.161748210164469,0.157260832365762,0.161748210164469,0.157260832365762
Merluccius_polli_4,1999,0.121670261230398,0.104531123328358,0.121670261230398,0.104531123328358
Merluccius_polli_4,2000,0.121528115796251,0.0730139917813849,0.121528115796251,0.0730139917813849
Merluccius_polli_4,2001,0.211492068809226,0.12050548352374,0.211492068809226,0.12050548352374
Merluccius_polli_4,2002,0.368399971796444,0.0807547427871788,0.368399971796444,0.0807547427871788
Merluccius_polli_4,2003,0.680372902412602,0.0912197911857605,0.680372902412602,0.0912197911857605
Merluccius_polli_4,2004,1.09069122418746,0.138008697656715,1.09069122418746,0.138008697656715
Merluccius_polli_4,2005,1.11196400916878,0.0954916330069884,1.11196400916878,0.0954916330069884
Merluccius_polli_4,2006,1.22110740648379,0.089479638787353,1.22110740648379,0.089479638787353
Merluccius_polli_4,2007,1.44285544401959,0.0714571019125031,1.44285544401959,0.0714571019125031
Merluccius_polli_4,2008,1.34689569363766,0.087033858557163,1.34689569363766,0.087033858557163
Merluccius_polli_4,2009,1.41160127534459,0.0767060320508654,1.41160127534459,0.0767060320508654
Merluccius_polli_4,2010,1.87824933202782,0.0613491752322984,1.87824933202782,0.0613491752322984
Merluccius_polli_4,2011,1.76183511823924,0.0423894442204801,1.76183511823924,0.0423894442204801
Merluccius_polli_4,2012,2.11859385889656,0.110814765471099,2.11859385889656,0.110814765471099
Merluccius_polli_4,2013,2.74794588935376,0.127834475359086,2.74794588935376,0.127834475359086
Merluccius_polli_4,2014,2.6350612477195,0.0948946424136007,2.6350612477195,0.0948946424136007
Merluccius_polli_4,2015,2.49354221616207,0.124962417115308,2.49354221616207,0.124962417115308
Merluccius_polli_4,2016,1.74050536312461,0.172485375636448,1.74050536312461,0.172485375636448
Merluccius_polli_4,2017,1.24929900467994,0.238054986708438,1.24929900467994,0.238054986708438
Merluccius_polli_4,2018,0.585199951798014,0.047215184086489,0.585199951798014,0.047215184086489
Merluccius_polli_4,2019,1.15098953217832,0.230185013745314,1.15098953217832,0.230185013745314
Merluccius_polli_4,2020,1.7670905915084,0.174590976501728,1.7670905915084,0.174590976501728
Merluccius_polli_4,2021,1.69588002252411,0.187328758910973,1.69588002252411,0.187328758910973
Pagellus_bellottii_4,1990,0.972865488457306,0.0271308300096774,0.972865488457306,0.0271308300096774
Pagellus_bellottii_4,1991,0.444815710960617,0.0593383901225419,0.444815710960617,0.0593383901225419
Pagellus_bellottii_4,1992,0.306266381823279,0.0861819963147216,0.306266381823279,0.0861819963147216
Pagellus_bellottii_4,1993,0.291262294920704,0.0906215759812057,0.291262294920704,0.0906215759812057
Pagellus_bellottii_4,1994,0.28876707386776,0.0914046322390076,0.28876707386776,0.0914046322390076
Pagellus_bellottii_4,1995,0.299187494172502,0.0882210944766247,0.299187494172502,0.0882210944766247
Pagellus_bellottii_4,1996,0.268660449485096,0.098245380889535,0.268660449485096,0.098245380889535
Pagellus_bellottii_4,1997,0.266318177454833,0.142895117945526,0.266318177454833,0.142895117945526
Pagellus_bellottii_4,1998,0.174765604237462,0.175824631038185,0.174765604237462,0.175824631038185
Pagellus_bellottii_4,1999,0.0785148587531032,0.13246256121093,0.0785148587531032,0.13246256121093
Pagellus_bellottii_4,2000,0.0483769248372662,0.068404095199735,0.0483769248372662,0.068404095199735
Pagellus_bellottii_4,2001,0.059308558004452,0.131519121777962,0.059308558004452,0.131519121777962
Pagellus_bellottii_4,2002,0.0725072114670849,0.0554191733744178,0.0725072114670849,0.0554191733744178
Pagellus_bellottii_4,2003,0.131125240091903,0.243354733073796,0.131125240091903,0.243354733073796
Pagellus_bellottii_4,2004,0.113052955125318,0.150536877242732,0.113052955125318,0.150536877242732
Pagellus_bellottii_4,2005,0.0792849253067321,0.116269635486211,0.0792849253067321,0.116269635486211
Pagellus_bellottii_4,2006,0.0492948489289137,0.023975120002692,0.0492948489289137,0.023975120002692
Pagellus_bellottii_4,2007,0.157460860012664,0.118589652769238,0.157460860012664,0.118589652769238
Pagellus_bellottii_4,2008,0.263776152726417,0.0967788709387961,0.263776152726417,0.0967788709387961
Pagellus_bellottii_4,2009,0.48633087897635,0.102551716784416,0.48633087897635,0.102551716784416
Pagellus_bellottii_4,2010,0.910964771812773,0.0487807633333373,0.910964771812773,0.0487807633333373
Pagellus_bellottii_4,2011,1.85290734721565,0.105242842746349,1.85290734721565,0.105242842746349
Pagellus_bellottii_4,2012,2.19327103877318,0.157560515816429,2.19327103877318,0.157560515816429
Pagellus_bellottii_4,2013,2.56024643819825,0.143654801809848,2.56024643819825,0.143654801809848
Pagellus_bellottii_4,2014,2.7789187854122,0.164672782406753,2.7789187854122,0.164672782406753
Pagellus_bellottii_4,2015,1.04470340857771,0.0891447015677971,1.04470340857771,0.0891447015677971
Pagellus_bellottii_4,2016,0.620338527494706,0.0491533679564348,0.620338527494706,0.0491533679564348
Pagellus_bellottii_4,2017,1.63334756718261,0.440657343776461,1.63334756718261,0.440657343776461
Pagellus_bellottii_4,2018,1.42222649667927,0.230515440530068,1.42222649667927,0.230515440530068
Pagellus_bellottii_4,2019,0.83236704347502,0.305555228878046,0.83236704347502,0.305555228878046
Pagellus_bellottii_4,2020,0.41133080798555,0.0890702732809422,0.41133080798555,0.0890702732809422
Pagellus_bellottii_4,2021,0.337073982372649,0.143754336424657,0.337073982372649,0.143754336424657
Pagellus_spp_3,1990,1.02463750889865,0.109571934178372,1.02463750889865,0.109571934178372
Pagellus_spp_3,1991,1.30448025041995,0.0860660892685734,1.30448025041995,0.0860660892685734
Pagellus_spp_3,1992,1.36253015131025,0.0823992875121114,1.36253015131025,0.0823992875121114
Pagellus_spp_3,1993,1.39881142539992,0.0802620793933217,1.39881142539992,0.0802620793933217
Pagellus_spp_3,1994,1.40955995272226,0.0796500450122081,1.40955995272226,0.0796500450122081
Pagellus_spp_3,1995,1.44760310147703,0.0775568341675839,1.44760310147703,0.0775568341675839
Pagellus_spp_3,1996,1.40944807072328,0.07965636763341,1.40944807072328,0.07965636763341
Pagellus_spp_3,1997,1.43748777324639,0.078102586868049,1.43748777324639,0.078102586868049
Pagellus_spp_3,1998,1.37166790525537,0.0818503613386157,1.37166790525537,0.0818503613386157
Pagellus_spp_3,1999,1.43029757817606,0.0784952134400625,1.43029757817606,0.0784952134400625
Pagellus_spp_3,2000,1.35852775628178,0.0826420462611786,1.35852775628178,0.0826420462611786
Pagellus_spp_3,2001,1.24980431325895,0.0898312739767863,1.24980431325895,0.0898312739767863
Pagellus_spp_3,2002,0.937682894869271,0.062068906478992,0.937682894869271,0.062068906478992
Pagellus_spp_3,2003,1.12312056886948,0.177193537401307,1.12312056886948,0.177193537401307
Pagellus_spp_3,2004,1.04200321037759,0.0763950454448352,1.04200321037759,0.0763950454448352
Pagellus_spp_3,2005,0.868508990625573,0.0415045112614564,0.868508990625573,0.0415045112614564
Pagellus_spp_3,2006,1.35217612992859,0.0935825824379326,1.35217612992859,0.0935825824379326
Pagellus_spp_3,2007,2.77670866778867,0.123328347407301,2.77670866778867,0.123328347407301
Pagellus_spp_3,2008,1.96444461916897,0.0865878192330863,1.96444461916897,0.0865878192330863
Pagellus_spp_3,2009,2.28949664304605,0.100371358147143,2.28949664304605,0.100371358147143
Pagellus_spp_3,2010,4.8229008059499,0.0615059528824861,4.8229008059499,0.0615059528824861
Pagellus_spp_3,2011,0.0581840553104534,0.296860376511388,0.0581840553104534,0.296860376511388
Pagellus_spp_3,2012,0.0420208404349101,0.0893580443482854,0.0420208404349101,0.0893580443482854
Pagellus_spp_3,2013,0.0532216765584788,0.246932289262476,0.0532216765584788,0.246932289262476
Pagellus_spp_3,2014,0.0585634104108263,0.378289286281056,0.0585634104108263,0.378289286281056
Pagellus_spp_3,2015,0.0454809003124563,0.321983742177933,0.0454809003124563,0.321983742177933
Pagellus_spp_3,2016,0.029373601755987,0.166182213561211,0.029373601755987,0.166182213561211
Pagellus_spp_3,2017,0.025274392945156,0.193135011023517,0.025274392945156,0.193135011023517
Pagellus_spp_3,2018,0.0246501388428307,0.198026071625763,0.0246501388428307,0.198026071625763
Pagellus_spp_3,2019,0.0230043820331199,0.212193057524762,0.0230043820331199,0.212193057524762
Pagellus_spp_3,2020,0.0219299182934207,0.222589527911733,0.0219299182934207,0.222589527911733
Pagellus_spp_3,2021,0.0232811778478615,0.209670240568339,0.0232811778478615,0.209670240568339
Parapenaeus_longirostris_5,1990,1.0696390714912,1.04396632987855,1.0696390714912,1.04396632987855
Parapenaeus_longirostris_5,1991,1.03796637391387,0.896616782399103,1.03796637391387,0.896616782399103
Parapenaeus_longirostris_5,1992,1.07172677437445,0.820933995369611,1.07172677437445,0.820933995369611
Parapenaeus_longirostris_5,1993,1.10232948442904,0.838337614970661,1.10232948442904,0.838337614970661
Parapenaeus_longirostris_5,1994,1.23367492767053,1.03772583563639,1.23367492767053,1.03772583563639
Parapenaeus_longirostris_5,1995,1.10441694503158,0.787945556873588,1.10441694503158,0.787945556873588
Parapenaeus_longirostris_5,1996,1.23667031986366,0.891405309550195,1.23667031986366,0.891405309550195
Parapenaeus_longirostris_5,1997,1.1846674110782,1.02067573061861,1.1846674110782,1.02067573061861
Parapenaeus_longirostris_5,1998,0.906623078363648,0.866160425028449,0.906623078363648,0.866160425028449
Parapenaeus_longirostris_5,1999,0.790310402653412,0.664232628279386,0.790310402653412,0.664232628279386
Parapenaeus_longirostris_5,2000,1.0740987771432,1.09095749312951,1.0740987771432,1.09095749312951
Parapenaeus_longirostris_5,2001,1.07710546409969,1.10061297761629,1.07710546409969,1.10061297761629
Parapenaeus_longirostris_5,2002,0.936025318412915,1.14238056187082,0.936025318412915,1.14238056187082
Parapenaeus_longirostris_5,2003,0.843431412813691,1.07122162205279,0.843431412813691,1.07122162205279
Parapenaeus_longirostris_5,2004,0.650103355855758,0.878467877362484,0.650103355855758,0.878467877362484
Parapenaeus_longirostris_5,2005,0.656813468337416,1.15890992165481,0.656813468337416,1.15890992165481
Parapenaeus_longirostris_5,2006,0.602174756278423,1.39969357808148,0.602174756278423,1.39969357808148
Parapenaeus_longirostris_5,2007,0.41545019305603,1.27929596453063,0.41545019305603,1.27929596453063
Parapenaeus_longirostris_5,2008,0.339491157046077,1.45546821803171,0.339491157046077,1.45546821803171
Parapenaeus_longirostris_5,2009,0.31872277890478,1.59899573232917,0.31872277890478,1.59899573232917
Parapenaeus_longirostris_5,2010,0.32443512569364,1.46196565044215,0.32443512569364,1.46196565044215
Parapenaeus_longirostris_5,2011,0.349466209939731,1.31284577057864,0.349466209939731,1.31284577057864
Parapenaeus_longirostris_5,2012,0.405365988099923,1.20735936250092,0.405365988099923,1.20735936250092
Parapenaeus_longirostris_5,2013,0.450239202741573,1.20675024248896,0.450239202741573,1.20675024248896
Parapenaeus_longirostris_5,2014,0.610933125931012,1.36458795287543,0.610933125931012,1.36458795287543
Parapenaeus_longirostris_5,2015,0.605194971511145,1.24561035062845,0.605194971511145,1.24561035062845
Parapenaeus_longirostris_5,2016,0.647035809041812,1.14612860089434,0.647035809041812,1.14612860089434
Parapenaeus_longirostris_5,2017,0.594567124194252,1.15935749264221,0.594567124194252,1.15935749264221
Parapenaeus_longirostris_5,2018,0.642953168401731,0.767878985867801,0.642953168401731,0.767878985867801
Parapenaeus_longirostris_5,2019,0.581707602807382,0.955781738094352,0.581707602807382,0.955781738094352
Parapenaeus_longirostris_5,2020,0.573129477021014,1.36125697821226,0.573129477021014,1.36125697821226
Parapenaeus_longirostris_5,2021,0.451264628296222,0.979133230138845,0.451264628296222,0.979133230138845
Penaeus_notialis_5,1990,1.11752102725387,0.727224415613435,1.11752102725387,0.727224415613435
Penaeus_notialis_5,1991,1.12746757442675,0.79266103060482,1.12746757442675,0.79266103060482
Penaeus_notialis_5,1992,1.12157263049998,1.04291689954684,1.12157263049998,1.04291689954684
Penaeus_notialis_5,1993,0.989730477264167,1.0110113499587,0.989730477264167,1.0110113499587
Penaeus_notialis_5,1994,0.642957917116146,1.34460554677144,0.642957917116146,1.34460554677144
Penaeus_notialis_5,1995,0.470592650965424,0.824690010978832,0.470592650965424,0.824690010978832
Penaeus_notialis_5,1996,0.423598167947383,1.05200769648343,0.423598167947383,1.05200769648343
Penaeus_notialis_5,1997,0.431759579274498,0.687347951974169,0.431759579274498,0.687347951974169
Penaeus_notialis_5,1998,0.466704659124898,1.09440311391328,0.466704659124898,1.09440311391328
Penaeus_notialis_5,1999,0.436507991626947,1.01125738424654,0.436507991626947,1.01125738424654
Penaeus_notialis_5,2000,0.672625574944369,0.861035140636137,0.672625574944369,0.861035140636137
Penaeus_notialis_5,2001,0.484645082118866,1.004612241895,0.484645082118866,1.004612241895
Penaeus_notialis_5,2002,0.551371786270301,0.77376278804373,0.551371786270301,0.77376278804373
Penaeus_notialis_5,2003,0.503464895555111,1.33550127251353,0.503464895555111,1.33550127251353
Penaeus_notialis_5,2004,0.429684352030039,1.07847730816577,0.429684352030039,1.07847730816577
Penaeus_notialis_5,2005,0.349473737773519,0.878698430701642,0.349473737773519,0.878698430701642
Penaeus_notialis_5,2006,0.341604400667274,0.901721120882874,0.341604400667274,0.901721120882874
Penaeus_notialis_5,2007,0.253199955606057,1.31998996158078,0.253199955606057,1.31998996158078
Penaeus_notialis_5,2008,0.162395661900865,1.04282156474168,0.162395661900865,1.04282156474168
Penaeus_notialis_5,2009,0.142411330018797,0.52502127002685,0.142411330018797,0.52502127002685
Penaeus_notialis_5,2010,0.181115778360121,0.424062614268441,0.181115778360121,0.424062614268441
Penaeus_notialis_5,2011,0.22110627742548,0.926100265646677,0.22110627742548,0.926100265646677
Penaeus_notialis_5,2012,0.227695465656097,1.01193623116754,0.227695465656097,1.01193623116754
Penaeus_notialis_5,2013,0.247372405727598,2.09437532805882,0.247372405727598,2.09437532805882
Penaeus_notialis_5,2014,0.266111334631332,0.711345643852131,0.266111334631332,0.711345643852131
Penaeus_notialis_5,2015,0.370581363911184,3.24099683681531,0.370581363911184,3.24099683681531
Penaeus_notialis_5,2016,0.183414044887593,1.4678406846329,0.183414044887593,1.4678406846329
Penaeus_notialis_5,2017,0.144606876102943,1.04442212144483,0.144606876102943,1.04442212144483
Penaeus_notialis_5,2018,0.134158888016985,1.04585368419954,0.134158888016985,1.04585368419954
Penaeus_notialis_5,2019,0.185347731025853,1.24021212778436,0.185347731025853,1.24021212778436
Penaeus_notialis_5,2020,0.171322665640615,0.760372237773059,0.171322665640615,0.760372237773059
Penaeus_notialis_5,2021,0.165444621875884,1.57805543536529,0.165444621875884,1.57805543536529
Pomadasys_spp_3,1990,0.849524764906416,0.122757636393265,0.849524764906416,0.122757636393265
Pomadasys_spp_3,1991,0.71634574296115,0.198961835166892,0.71634574296115,0.198961835166892
Pomadasys_spp_3,1992,0.733700382457784,0.21686669517154,0.733700382457784,0.21686669517154
Pomadasys_spp_3,1993,0.840449983840623,0.260332458885486,0.840449983840623,0.260332458885486
Pomadasys_spp_3,1994,0.876048263650014,0.311745662975621,0.876048263650014,0.311745662975621
Pomadasys_spp_3,1995,0.802514708723576,0.271760913787984,0.802514708723576,0.271760913787984
Pomadasys_spp_3,1996,0.858776393049395,0.253956830132,0.858776393049395,0.253956830132
Pomadasys_spp_3,1997,0.891189370856548,0.244720300424367,0.891189370856548,0.244720300424367
Pomadasys_spp_3,1998,0.92632965638728,0.235436843749108,0.92632965638728,0.235436843749108
Pomadasys_spp_3,1999,0.785053400450977,0.142275210109225,0.785053400450977,0.142275210109225
Pomadasys_spp_3,2000,1.05601060796575,0.254518491714764,1.05601060796575,0.254518491714764
Pomadasys_spp_3,2001,1.04162336977488,0.240654753422217,1.04162336977488,0.240654753422217
Pomadasys_spp_3,2002,0.910593629715635,0.192039766664778,0.910593629715635,0.192039766664778
Pomadasys_spp_3,2003,1.04488766240764,0.256229314016632,1.04488766240764,0.256229314016632
Pomadasys_spp_3,2004,1.14390922879251,0.194964851235433,1.14390922879251,0.194964851235433
Pomadasys_spp_3,2005,1.45167704907071,0.30758473843584,1.45167704907071,0.30758473843584
Pomadasys_spp_3,2006,1.22594400760373,0.190344367655241,1.22594400760373,0.190344367655241
Pomadasys_spp_3,2007,1.23908241021412,0.180116025786748,1.23908241021412,0.180116025786748
Pomadasys_spp_3,2008,1.33137936193386,0.171430465425157,1.33137936193386,0.171430465425157
Pomadasys_spp_3,2009,1.60736981665939,0.150304069587237,1.60736981665939,0.150304069587237
Pomadasys_spp_3,2010,1.7250276909897,0.148248054724856,1.7250276909897,0.148248054724856
Pomadasys_spp_3,2011,1.84542317655727,0.152711019560552,1.84542317655727,0.152711019560552
Pomadasys_spp_3,2012,2.07496406651824,0.161738994428491,2.07496406651824,0.161738994428491
Pomadasys_spp_3,2013,2.29827823143033,0.160959512942966,2.29827823143033,0.160959512942966
Pomadasys_spp_3,2014,2.5568607906452,0.17793892831634,2.5568607906452,0.17793892831634
Pomadasys_spp_3,2015,2.45273543539463,0.177857107520608,2.45273543539463,0.177857107520608
Pomadasys_spp_3,2016,2.29452407294448,0.16374659051966,2.29452407294448,0.16374659051966
Pomadasys_spp_3,2017,2.48465274100771,0.18968201478076,2.48465274100771,0.18968201478076
Pomadasys_spp_3,2018,2.43344267605208,0.184948343258104,2.43344267605208,0.184948343258104
Pomadasys_spp_3,2019,2.35230297716956,0.180083755285739,2.35230297716956,0.180083755285739
Pomadasys_spp_3,2020,2.2988595935162,0.174897934077278,2.2988595935162,0.174897934077278
Pomadasys_spp_3,2021,2.21811973539121,0.186132764402629,2.21811973539121,0.186132764402629
Pomadasys_spp_4,1990,0.952610206407322,0.119697084180071,0.952610206407322,0.119697084180071
Pomadasys_spp_4,1991,0.7901927908795,0.144299803014174,0.7901927908795,0.144299803014174
Pomadasys_spp_4,1992,0.738729083726622,0.154352477219279,0.738729083726622,0.154352477219279
Pomadasys_spp_4,1993,0.72610123211959,0.157036868997286,0.72610123211959,0.157036868997286
Pomadasys_spp_4,1994,0.722926581755217,0.157726478656087,0.722926581755217,0.157726478656087
Pomadasys_spp_4,1995,0.737738257867936,0.186220614522203,0.737738257867936,0.186220614522203
Pomadasys_spp_4,1996,0.614639650127651,0.142768884364275,0.614639650127651,0.142768884364275
Pomadasys_spp_4,1997,0.649669881466013,0.179999884184431,0.649669881466013,0.179999884184431
Pomadasys_spp_4,1998,0.672647243292665,0.260229177079408,0.672647243292665,0.260229177079408
Pomadasys_spp_4,1999,0.573580353859867,0.226834512502892,0.573580353859867,0.226834512502892
Pomadasys_spp_4,2000,0.758500134494837,0.316601642120359,0.758500134494837,0.316601642120359
Pomadasys_spp_4,2001,0.885427753778441,0.290767106297323,0.885427753778441,0.290767106297323
Pomadasys_spp_4,2002,0.940966098366975,0.240921362189676,0.940966098366975,0.240921362189676
Pomadasys_spp_4,2003,0.780871122339544,0.207418607965712,0.780871122339544,0.207418607965712
Pomadasys_spp_4,2004,0.61409464663722,0.204672068194657,0.61409464663722,0.204672068194657
Pomadasys_spp_4,2005,0.558543939876222,0.195353971326217,0.558543939876222,0.195353971326217
Pomadasys_spp_4,2006,0.594416084054627,0.160173706179182,0.594416084054627,0.160173706179182
Pomadasys_spp_4,2007,0.820732633663903,0.102318549417519,0.820732633663903,0.102318549417519
Pomadasys_spp_4,2008,1.5241594257115,0.231140371871778,1.5241594257115,0.231140371871778
Pomadasys_spp_4,2009,2.4101010123999,0.286350291922274,2.4101010123999,0.286350291922274
Pomadasys_spp_4,2010,3.11655070242817,0.200257415054501,3.11655070242817,0.200257415054501
Pomadasys_spp_4,2011,2.72634953845239,0.148841059836491,2.72634953845239,0.148841059836491
Pomadasys_spp_4,2012,1.72138227901625,0.14892003902199,1.72138227901625,0.14892003902199
Pomadasys_spp_4,2013,2.08775334928852,0.122566164517136,2.08775334928852,0.122566164517136
Pomadasys_spp_4,2014,2.44538180238578,0.142333248668911,2.44538180238578,0.142333248668911
Pomadasys_spp_4,2015,1.2316000584646,0.162312273438213,1.2316000584646,0.162312273438213
Pomadasys_spp_4,2016,0.681502139379547,0.229150000520387,0.681502139379547,0.229150000520387
Pomadasys_spp_4,2017,0.56124509955124,0.333866688608377,0.56124509955124,0.333866688608377
Pomadasys_spp_4,2018,0.558933981096267,0.278905887736606,0.558933981096267,0.278905887736606
Pomadasys_spp_4,2019,0.646162579871614,0.375063946685055,0.646162579871614,0.375063946685055
Pomadasys_spp_4,2020,0.868618141744145,0.277842938463345,0.868618141744145,0.277842938463345
Pomadasys_spp_4,2021,1.06277682816791,0.352018901709367,1.06277682816791,0.352018901709367
Pseudotolithus_spp_3,1990,0.982063583676074,1.01095051653868,0.982063583676074,1.01095051653868
Pseudotolithus_spp_3,1991,1.03738236557936,1.26289620075904,1.03738236557936,1.26289620075904
Pseudotolithus_spp_3,1992,0.890366102603088,1.30518917172231,0.890366102603088,1.30518917172231
Pseudotolithus_spp_3,1993,0.678090127730968,1.02871940712489,0.678090127730968,1.02871940712489
Pseudotolithus_spp_3,1994,0.665670404493762,1.10973986175522,0.665670404493762,1.10973986175522
Pseudotolithus_spp_3,1995,0.732704836375114,1.24070852868557,0.732704836375114,1.24070852868557
Pseudotolithus_spp_3,1996,0.814690677360797,1.15111910857767,0.814690677360797,1.15111910857767
Pseudotolithus_spp_3,1997,0.911635830260557,1.19297016390024,0.911635830260557,1.19297016390024
Pseudotolithus_spp_3,1998,0.926719020713529,1.03524498579183,0.926719020713529,1.03524498579183
Pseudotolithus_spp_3,1999,0.881543260808253,0.983440375202626,0.881543260808253,0.983440375202626
Pseudotolithus_spp_3,2000,0.884654015399752,1.01142120719113,0.884654015399752,1.01142120719113
Pseudotolithus_spp_3,2001,0.843894733000556,1.15138943855567,0.843894733000556,1.15138943855567
Pseudotolithus_spp_3,2002,0.701675528464044,0.987510567486469,0.701675528464044,0.987510567486469
Pseudotolithus_spp_3,2003,0.726683275158549,1.17402067449222,0.726683275158549,1.17402067449222
Pseudotolithus_spp_3,2004,0.721396808467308,1.14555849174256,0.721396808467308,1.14555849174256
Pseudotolithus_spp_3,2005,0.649320503882805,0.973908410551087,0.649320503882805,0.973908410551087
Pseudotolithus_spp_3,2006,0.712498297897572,1.02553814866278,0.712498297897572,1.02553814866278
Pseudotolithus_spp_3,2007,0.739575427137763,0.894183401433976,0.739575427137763,0.894183401433976
Pseudotolithus_spp_3,2008,0.795045913210511,0.928383452103999,0.795045913210511,0.928383452103999
Pseudotolithus_spp_3,2009,0.828379073088476,0.828690793046656,0.828379073088476,0.828690793046656
Pseudotolithus_spp_3,2010,0.716946044426667,0.621760099655106,0.716946044426667,0.621760099655106
Pseudotolithus_spp_3,2011,0.789604071042905,0.709843613218857,0.789604071042905,0.709843613218857
Pseudotolithus_spp_3,2012,0.89985985603222,0.684457799015711,0.89985985603222,0.684457799015711
Pseudotolithus_spp_3,2013,1.0659814414015,0.744890473045665,1.0659814414015,0.744890473045665
Pseudotolithus_spp_3,2014,1.18141051139041,0.727677061473765,1.18141051139041,0.727677061473765
Pseudotolithus_spp_3,2015,1.19548177929084,0.735149318966216,1.19548177929084,0.735149318966216
Pseudotolithus_spp_3,2016,1.21286429226911,0.672216901673865,1.21286429226911,0.672216901673865
Pseudotolithus_spp_3,2017,1.46287553555717,0.813089445570071,1.46287553555717,0.813089445570071
Pseudotolithus_spp_3,2018,1.51650241563025,0.831535236367228,1.51650241563025,0.831535236367228
Pseudotolithus_spp_3,2019,1.42788565186641,0.809274926179679,1.42788565186641,0.809274926179679
Pseudotolithus_spp_3,2020,1.36571260468276,0.764432360952584,1.36571260468276,0.764432360952584
Pseudotolithus_spp_3,2021,1.32836687816708,0.818368952759381,1.32836687816708,0.818368952759381
Pseudotolithus_spp_4,1990,0.932389282793965,0.126746936740584,0.932389282793965,0.126746936740584
Pseudotolithus_spp_4,1991,0.772327355032413,0.153014760740833,0.772327355032413,0.153014760740833
Pseudotolithus_spp_4,1992,0.721784852279992,0.163729517280091,0.721784852279992,0.163729517280091
Pseudotolithus_spp_4,1993,0.702165514269448,0.168304314356481,0.702165514269448,0.168304314356481
Pseudotolithus_spp_4,1994,0.703226103118723,0.168050481800636,0.703226103118723,0.168050481800636
Pseudotolithus_spp_4,1995,0.70897176114255,0.179693322383279,0.70897176114255,0.179693322383279
Pseudotolithus_spp_4,1996,0.668094296727263,0.183220268576731,0.668094296727263,0.183220268576731
Pseudotolithus_spp_4,1997,0.649673104414859,0.161198836597562,0.649673104414859,0.161198836597562
Pseudotolithus_spp_4,1998,0.777338939911429,0.27609353645821,0.777338939911429,0.27609353645821
Pseudotolithus_spp_4,1999,0.726542378561398,0.336880745276588,0.726542378561398,0.336880745276588
Pseudotolithus_spp_4,2000,0.725893751433595,0.279205909451465,0.725893751433595,0.279205909451465
Pseudotolithus_spp_4,2001,0.842606269195633,0.242883050682868,0.842606269195633,0.242883050682868
Pseudotolithus_spp_4,2002,1.18713079384808,0.229204173862402,1.18713079384808,0.229204173862402
Pseudotolithus_spp_4,2003,1.45928590583162,0.234593213912722,1.45928590583162,0.234593213912722
Pseudotolithus_spp_4,2004,1.56464536445535,0.278273593800702,1.56464536445535,0.278273593800702
Pseudotolithus_spp_4,2005,1.32839035255497,0.186107440006676,1.32839035255497,0.186107440006676
Pseudotolithus_spp_4,2006,1.74718746335986,0.207971989842384,1.74718746335986,0.207971989842384
Pseudotolithus_spp_4,2007,2.57971565804703,0.203185570603873,2.57971565804703,0.203185570603873
Pseudotolithus_spp_4,2008,2.71913437798416,0.300276234125255,2.71913437798416,0.300276234125255
Pseudotolithus_spp_4,2009,2.34809306199702,0.238463972224641,2.34809306199702,0.238463972224641
Pseudotolithus_spp_4,2010,2.66531156503554,0.136931643130098,2.66531156503554,0.136931643130098
Pseudotolithus_spp_4,2011,2.75742205552189,0.14587422858092,2.75742205552189,0.14587422858092
Pseudotolithus_spp_4,2012,1.91487267761923,0.202595497840816,1.91487267761923,0.202595497840816
Pseudotolithus_spp_4,2013,1.56935330964065,0.0931465779019101,1.56935330964065,0.0931465779019101
Pseudotolithus_spp_4,2014,1.86750515511907,0.155152371311171,1.86750515511907,0.155152371311171
Pseudotolithus_spp_4,2015,1.02150008137675,0.124716085253685,1.02150008137675,0.124716085253685
Pseudotolithus_spp_4,2016,0.830001146928741,0.303233493779535,0.830001146928741,0.303233493779535
Pseudotolithus_spp_4,2017,0.7272261906253,0.453211238528413,0.7272261906253,0.453211238528413
Pseudotolithus_spp_4,2018,0.577395784082654,0.345524336494713,0.577395784082654,0.345524336494713
Pseudotolithus_spp_4,2019,0.484614688709698,0.329225835744983,0.484614688709698,0.329225835744983
Pseudotolithus_spp_4,2020,0.596444975357854,0.303957917034437,0.596444975357854,0.303957917034437
Pseudotolithus_spp_4,2021,0.654042534537105,0.323317505644514,0.654042534537105,0.323317505644514
Pseudotolithus_spp1,1990,0.983192894316028,0.253401667802547,0.983192894316028,0.253401667802547
Pseudotolithus_spp1,1991,0.880025031327791,0.283108673415102,0.880025031327791,0.283108673415102
Pseudotolithus_spp1,1992,0.838717431309022,0.297052034321556,0.838717431309022,0.297052034321556
Pseudotolithus_spp1,1993,0.775804079289889,0.321141285335005,0.775804079289889,0.321141285335005
Pseudotolithus_spp1,1994,0.625434168970694,0.169183724226077,0.625434168970694,0.169183724226077
Pseudotolithus_spp1,1995,0.960435572959151,0.370746921288613,0.960435572959151,0.370746921288613
Pseudotolithus_spp1,1996,1.01976131731569,0.280003113420518,1.01976131731569,0.280003113420518
Pseudotolithus_spp1,1997,1.12580980458755,0.317821568684508,1.12580980458755,0.317821568684508
Pseudotolithus_spp1,1998,1.11824839825221,0.244960792514024,1.11824839825221,0.244960792514024
Pseudotolithus_spp1,1999,1.35972058231098,0.211202090381464,1.35972058231098,0.211202090381464
Pseudotolithus_spp1,2000,1.32079042010163,0.339140884692512,1.32079042010163,0.339140884692512
Pseudotolithus_spp1,2001,1.17464516033218,0.377525651289749,1.17464516033218,0.377525651289749
Pseudotolithus_spp1,2002,1.09471415870657,0.351944930292324,1.09471415870657,0.351944930292324
Pseudotolithus_spp1,2003,1.16465820166223,0.348880510177242,1.16465820166223,0.348880510177242
Pseudotolithus_spp1,2004,1.52886301334375,0.261770810191982,1.52886301334375,0.261770810191982
Pseudotolithus_spp1,2005,3.53990620515587,0.11818928453395,3.53990620515587,0.11818928453395
Pseudotolithus_spp1,2006,2.03309300771334,0.204324239971592,2.03309300771334,0.204324239971592
Pseudotolithus_spp1,2007,0.968103113414242,0.283638866926826,0.968103113414242,0.283638866926826
Pseudotolithus_spp1,2008,0.861065210094237,0.355434251057166,0.861065210094237,0.355434251057166
Pseudotolithus_spp1,2009,0.834033118050234,0.546314090787337,0.834033118050234,0.546314090787337
Pseudotolithus_spp1,2010,0.699456950942772,0.507874906839912,0.699456950942772,0.507874906839912
Pseudotolithus_spp1,2011,0.58547511336319,0.580487386134871,0.58547511336319,0.580487386134871
Pseudotolithus_spp1,2012,0.453387558308914,0.522083716404553,0.453387558308914,0.522083716404553
Pseudotolithus_spp1,2013,0.420571491660832,0.570300902366773,0.420571491660832,0.570300902366773
Pseudotolithus_spp1,2014,0.396854622788373,0.478772498195447,0.396854622788373,0.478772498195447
Pseudotolithus_spp1,2015,0.438106473473652,0.517941807356703,0.438106473473652,0.517941807356703
Pseudotolithus_spp1,2016,0.443562828350732,0.363923323200545,0.443562828350732,0.363923323200545
Pseudotolithus_spp1,2017,0.674714043246115,1.14513814260508,0.674714043246115,1.14513814260508
Pseudotolithus_spp1,2018,0.545414348855097,0.82931584776764,0.545414348855097,0.82931584776764
Pseudotolithus_spp1,2019,0.543885176992623,0.816249665524889,0.543885176992623,0.816249665524889
Pseudotolithus_spp1,2020,0.60956626699252,1.202102951436,0.60956626699252,1.202102951436
Pseudotolithus_spp1,2021,0.548166522842849,1.2232589032894,0.548166522842849,1.2232589032894
Pseudupeneus_prayensis_1,1990,1.03470038278522,0.713813415749701,1.03470038278522,0.713813415749701
Pseudupeneus_prayensis_1,1991,1.1126035209193,0.663833073171637,1.1126035209193,0.663833073171637
Pseudupeneus_prayensis_1,1992,1.16216723296049,0.635522146526182,1.16216723296049,0.635522146526182
Pseudupeneus_prayensis_1,1993,1.1526356810053,0.640777503841689,1.1526356810053,0.640777503841689
Pseudupeneus_prayensis_1,1994,1.18949781363784,0.620920026960483,1.18949781363784,0.620920026960483
Pseudupeneus_prayensis_1,1995,1.1874004756218,0.622016775028381,1.1874004756218,0.622016775028381
Pseudupeneus_prayensis_1,1996,1.21545206588538,0.6867403541547,1.21545206588538,0.6867403541547
Pseudupeneus_prayensis_1,1997,1.09788542311114,0.649693547859833,1.09788542311114,0.649693547859833
Pseudupeneus_prayensis_1,1998,1.02369174535127,0.652305724628283,1.02369174535127,0.652305724628283
Pseudupeneus_prayensis_1,1999,1.03476741313819,0.623324075139339,1.03476741313819,0.623324075139339
Pseudupeneus_prayensis_1,2000,1.16808413146566,0.851010445384199,1.16808413146566,0.851010445384199
Pseudupeneus_prayensis_1,2001,1.11241134503747,0.811744343599576,1.11241134503747,0.811744343599576
Pseudupeneus_prayensis_1,2002,1.06455555932214,0.748442922425227,1.06455555932214,0.748442922425227
Pseudupeneus_prayensis_1,2003,1.00513835937138,0.777587188175218,1.00513835937138,0.777587188175218
Pseudupeneus_prayensis_1,2004,0.83293147881751,0.901910905123035,0.83293147881751,0.901910905123035
Pseudupeneus_prayensis_1,2005,0.564863893915244,0.577646783114117,0.564863893915244,0.577646783114117
Pseudupeneus_prayensis_1,2006,0.465298822287639,0.668635794897175,0.465298822287639,0.668635794897175
Pseudupeneus_prayensis_1,2007,0.346729028475808,0.437700972980364,0.346729028475808,0.437700972980364
Pseudupeneus_prayensis_1,2008,0.397460612721635,0.572749707518892,0.397460612721635,0.572749707518892
Pseudupeneus_prayensis_1,2009,0.426628142898459,0.586951420865021,0.426628142898459,0.586951420865021
Pseudupeneus_prayensis_1,2010,0.514201731966092,0.693588752567353,0.514201731966092,0.693588752567353
Pseudupeneus_prayensis_1,2011,0.553025473625227,0.590012263049162,0.553025473625227,0.590012263049162
Pseudupeneus_prayensis_1,2012,0.722376245605573,0.577746006504167,0.722376245605573,0.577746006504167
Pseudupeneus_prayensis_1,2013,1.07566676945842,0.444427082731713,1.07566676945842,0.444427082731713
Pseudupeneus_prayensis_1,2014,0.942672476436901,0.579574659178459,0.942672476436901,0.579574659178459
Pseudupeneus_prayensis_1,2015,0.98065442322688,0.696408778550716,0.98065442322688,0.696408778550716
Pseudupeneus_prayensis_1,2016,1.00030875942738,0.470322046319924,1.00030875942738,0.470322046319924
Pseudupeneus_prayensis_1,2017,1.53490861639839,0.588304481089569,1.53490861639839,0.588304481089569
Pseudupeneus_prayensis_1,2018,2.00246723005715,0.515360596046533,2.00246723005715,0.515360596046533
Pseudupeneus_prayensis_1,2019,1.19838488150254,0.329264372585124,1.19838488150254,0.329264372585124
Pseudupeneus_prayensis_1,2020,1.13403697121029,0.347947603244643,1.13403697121029,0.347947603244643
Pseudupeneus_prayensis_1,2021,1.13373631768589,0.348039874852766,1.13373631768589,0.348039874852766
Sepia_spp_6,1990,0.940071071494942,0.549225277239522,0.940071071494942,0.549225277239522
Sepia_spp_6,1991,0.694064058726784,0.812280504854463,0.694064058726784,0.812280504854463
Sepia_spp_6,1992,0.428993091663038,0.548513176011113,0.428993091663038,0.548513176011113
Sepia_spp_6,1993,0.39121972497715,0.473570549980501,0.39121972497715,0.473570549980501
Sepia_spp_6,1994,0.533984266115948,0.495503703976907,0.533984266115948,0.495503703976907
Sepia_spp_6,1995,0.952305361925854,0.832007804838342,0.952305361925854,0.832007804838342
Sepia_spp_6,1996,1.10136068126384,0.710932957574867,1.10136068126384,0.710932957574867
Sepia_spp_6,1997,1.1224079178606,0.738455740005439,1.1224079178606,0.738455740005439
Sepia_spp_6,1998,1.05019672192814,0.652726732185459,1.05019672192814,0.652726732185459
Sepia_spp_6,1999,1.03369599600985,0.695988220304736,1.03369599600985,0.695988220304736
Sepia_spp_6,2000,0.958390211583439,0.651290697177086,0.958390211583439,0.651290697177086
Sepia_spp_6,2001,1.22072282277524,0.694929922853376,1.22072282277524,0.694929922853376
Sepia_spp_6,2002,1.88505292934093,0.519884103988895,1.88505292934093,0.519884103988895
Sepia_spp_6,2003,1.83500201122109,0.529811770636937,1.83500201122109,0.529811770636937
Sepia_spp_6,2004,2.25295788196533,0.366465207376727,2.25295788196533,0.366465207376727
Sepia_spp_6,2005,2.20255412152644,0.248622628900256,2.20255412152644,0.248622628900256
Sepia_spp_6,2006,2.68347162727085,0.330426516118016,2.68347162727085,0.330426516118016
Sepia_spp_6,2007,1.36836699167291,0.528822677536594,1.36836699167291,0.528822677536594
Sepia_spp_6,2008,1.3273667241638,0.445156138540667,1.3273667241638,0.445156138540667
Sepia_spp_6,2009,1.12854641113163,0.687106486977633,1.12854641113163,0.687106486977633
Sepia_spp_6,2010,0.858999291570193,0.613516555164584,0.858999291570193,0.613516555164584
Sepia_spp_6,2011,0.959982344737402,0.637221403452443,0.959982344737402,0.637221403452443
Sepia_spp_6,2012,1.06549958639619,0.708585863809447,1.06549958639619,0.708585863809447
Sepia_spp_6,2013,0.857799162417176,0.73507412187478,0.857799162417176,0.73507412187478
Sepia_spp_6,2014,0.61764312860417,0.828903644773363,0.61764312860417,0.828903644773363
Sepia_spp_6,2015,0.570685818721796,0.817179968376599,0.570685818721796,0.817179968376599
Sepia_spp_6,2016,0.533981872941079,1.08848595499327,0.533981872941079,1.08848595499327
Sepia_spp_6,2017,0.525219395170399,0.722038433697128,0.525219395170399,0.722038433697128
Sepia_spp_6,2018,0.620379079813759,1.1152000993531,0.620379079813759,1.1152000993531
Sepia_spp_6,2019,0.516913321576131,0.939850544574025,0.516913321576131,0.939850544574025
Sepia_spp_6,2020,0.41306643908556,0.677362515183529,0.41306643908556,0.677362515183529
Sepia_spp_6,2021,0.480455167117134,1.34102513424918,0.480455167117134,1.34102513424918
Seriola_spp_1,1990,0.9180001406289,0.411233065330608,0.9180001406289,0.411233065330608
Seriola_spp_1,1991,0.810846620787645,0.465577585361387,0.810846620787645,0.465577585361387
Seriola_spp_1,1992,0.7648291653381,0.49358997919211,0.7648291653381,0.49358997919211
Seriola_spp_1,1993,0.752199268982749,0.501877663767591,0.752199268982749,0.501877663767591
Seriola_spp_1,1994,0.748961947864725,0.504046985138605,0.748961947864725,0.504046985138605
Seriola_spp_1,1995,0.758860524381024,0.497472196373207,0.758860524381024,0.497472196373207
Seriola_spp_1,1996,0.776761067502725,0.565356123487511,0.776761067502725,0.565356123487511
Seriola_spp_1,1997,0.720134076501605,0.553645388347207,0.720134076501605,0.553645388347207
Seriola_spp_1,1998,0.623740225437436,0.472457101542902,0.623740225437436,0.472457101542902
Seriola_spp_1,1999,0.67813586186219,0.604975232364335,0.67813586186219,0.604975232364335
Seriola_spp_1,2000,0.664856654090013,0.703968063664276,0.664856654090013,0.703968063664276
Seriola_spp_1,2001,0.580231277178967,0.607469751594518,0.580231277178967,0.607469751594518
Seriola_spp_1,2002,0.578746655364063,0.569091789035629,0.578746655364063,0.569091789035629
Seriola_spp_1,2003,0.579367188898227,0.55850888800923,0.579367188898227,0.55850888800923
Seriola_spp_1,2004,0.608600176483051,0.512693302302047,0.608600176483051,0.512693302302047
Seriola_spp_1,2005,0.734677776869142,0.479765362329801,0.734677776869142,0.479765362329801
Seriola_spp_1,2006,0.840280055577181,0.440100514819522,0.840280055577181,0.440100514819522
Seriola_spp_1,2007,1.0588971174126,0.474746142567699,1.0588971174126,0.474746142567699
Seriola_spp_1,2008,1.19080214331089,0.480387330530368,1.19080214331089,0.480387330530368
Seriola_spp_1,2009,1.23438199874679,0.552367840755154,1.23438199874679,0.552367840755154
Seriola_spp_1,2010,1.13080560122009,0.536534071492017,1.13080560122009,0.536534071492017
Seriola_spp_1,2011,1.08965622557042,0.461344881138572,1.08965622557042,0.461344881138572
Seriola_spp_1,2012,1.30488560744862,0.495954162684446,1.30488560744862,0.495954162684446
Seriola_spp_1,2013,1.64640988232873,0.343941094993351,1.64640988232873,0.343941094993351
Seriola_spp_1,2014,1.28051166778093,0.437707665427512,1.28051166778093,0.437707665427512
Seriola_spp_1,2015,1.33860503130795,0.565476811783225,1.33860503130795,0.565476811783225
Seriola_spp_1,2016,1.39385195946424,0.43527989408703,1.39385195946424,0.43527989408703
Seriola_spp_1,2017,1.84580076476913,0.425745479000271,1.84580076476913,0.425745479000271
Seriola_spp_1,2018,2.87660948233727,0.437896570578364,2.87660948233727,0.437896570578364
Seriola_spp_1,2019,2.0322469469073,0.321290527666315,2.0322469469073,0.321290527666315
Seriola_spp_1,2020,2.01920855616742,0.323365158059466,2.01920855616742,0.323365158059466
Seriola_spp_1,2021,1.916352929469,0.34072100388159,1.916352929469,0.34072100388159
Sparidae_1,1990,1.0095640331572,0.316340144799669,1.0095640331572,0.316340144799669
Sparidae_1,1991,1.12787913416541,0.283155900982072,1.12787913416541,0.283155900982072
Sparidae_1,1992,1.1436924822078,0.279240825135947,1.1436924822078,0.279240825135947
Sparidae_1,1993,1.06339814351675,0.300325550106112,1.06339814351675,0.300325550106112
Sparidae_1,1994,0.826243254383379,0.157004081975903,0.826243254383379,0.157004081975903
Sparidae_1,1995,1.26502174959264,0.31943355823049,1.26502174959264,0.31943355823049
Sparidae_1,1996,1.45876496846887,0.290850784133654,1.45876496846887,0.290850784133654
Sparidae_1,1997,1.39275722987532,0.268368116918997,1.39275722987532,0.268368116918997
Sparidae_1,1998,1.31488839190172,0.259608135507782,1.31488839190172,0.259608135507782
Sparidae_1,1999,1.53939733933088,0.232761647447551,1.53939733933088,0.232761647447551
Sparidae_1,2000,1.25275782126636,0.270857215087616,1.25275782126636,0.270857215087616
Sparidae_1,2001,1.27420655226206,0.409063252224208,1.27420655226206,0.409063252224208
Sparidae_1,2002,1.18384251225164,0.343210671349343,1.18384251225164,0.343210671349343
Sparidae_1,2003,1.29340151044001,0.389418869701409,1.29340151044001,0.389418869701409
Sparidae_1,2004,1.5097704160474,0.3050752247953,1.5097704160474,0.3050752247953
Sparidae_1,2005,2.65514921292346,0.129895116232041,2.65514921292346,0.129895116232041
Sparidae_1,2006,2.25232617616806,0.230567708000682,2.25232617616806,0.230567708000682
Sparidae_1,2007,1.4144794045779,0.377392530868189,1.4144794045779,0.377392530868189
Sparidae_1,2008,1.27304738982664,0.415036692748851,1.27304738982664,0.415036692748851
Sparidae_1,2009,1.22322847616506,0.60740039845384,1.22322847616506,0.60740039845384
Sparidae_1,2010,1.12128014130145,0.546933703354179,1.12128014130145,0.546933703354179
Sparidae_1,2011,1.08060712773177,0.545617436268464,1.08060712773177,0.545617436268464
Sparidae_1,2012,1.30955371410324,0.700553343040132,1.30955371410324,0.700553343040132
Sparidae_1,2013,1.40395438088316,0.741451577125983,1.40395438088316,0.741451577125983
Sparidae_1,2014,1.42749137848302,0.623030293073979,1.42749137848302,0.623030293073979
Sparidae_1,2015,1.43904617959986,0.747395867231748,1.43904617959986,0.747395867231748
Sparidae_1,2016,1.12292602725935,0.831177238764977,1.12292602725935,0.831177238764977
Sparidae_1,2017,0.842101053917951,1.22825310695813,0.842101053917951,1.22825310695813
Sparidae_1,2018,0.717766423345729,1.23482305567175,0.717766423345729,1.23482305567175
Sparidae_1,2019,0.7603358945754,1.55821737566811,0.7603358945754,1.55821737566811
Sparidae_1,2020,0.666526227606868,1.9051806620418,0.666526227606868,1.9051806620418
Sparidae_1,2021,0.456445518220648,1.64496913218467,0.456445518220648,1.64496913218467
